,index,filename,label,class_encoding,hebrew,weights,prediction,predicted_letter,raw_pred_B,raw_pred_C,raw_pred_D,raw_pred_F,raw_pred_I,raw_pred_L,raw_pred_M,raw_pred_N,raw_pred_R,raw_pred_S,raw_pred_T,raw_pred_W,raw_pred_Z
0,41,C:\Users\40gil\Desktop\final_project\tensor_training\processed_images\firstCut_noZevel\hebrew_to_english\B\B4.jpeg,B,[0],ב,1.0,0,B,0.89063823,1.12698235e-05,0.0028060207,0.006644727,0.005129657,0.00015600791,0.0037934117,0.00061646034,0.00037480425,0.0004808696,0.00132147,0.088011846,1.525121e-05
1,62,C:\Users\40gil\Desktop\final_project\tensor_training\processed_images\firstCut_noZevel\hebrew_to_english\C\C21.jpg,C,[1],כ,1.0,1,C,0.0034316815,0.5200433,0.1644937,0.0124404505,0.012277869,0.27089113,0.00015268123,0.0027046571,0.00509765,0.0007476082,0.001954232,0.0011334171,0.0046316152
2,67,C:\Users\40gil\Desktop\final_project\tensor_training\processed_images\firstCut_noZevel\hebrew_to_english\C\C27.jpg,C,[1],כ,1.0,1,C,0.0025049062,0.9004116,0.037124008,0.00035250516,0.0004283849,0.0056974418,0.00042879404,0.045204327,0.0008543265,0.002887557,0.00015670915,0.00085886166,0.0030905693
3,224,C:\Users\40gil\Desktop\final_project\tensor_training\processed_images\firstCut_noZevel\hebrew_to_english\M\M15.jpg,M,[6],מ,1.0,9,S,0.001675007,1.7910147e-06,0.003140207,0.002787761,0.044989888,9.541685e-06,0.073761255,0.05420393,2.8459856e-06,0.72003317,0.0895014,0.0008256932,0.009067468
4,285,C:\Users\40gil\Desktop\final_project\tensor_training\processed_images\firstCut_noZevel\hebrew_to_english\R\R17.jpg,R,[8],ר,1.0,0,B,0.3282254,0.00043667847,0.072497755,0.18789051,0.14867923,0.0026537036,0.0038715806,0.06382526,0.07607064,0.05959861,0.012300179,0.02280476,0.021145765
5,117,C:\Users\40gil\Desktop\final_project\tensor_training\processed_images\firstCut_noZevel\hebrew_to_english\D\D27.jpg,D,[2],ו,1.0,4,I,0.060617216,0.0006072077,0.22637744,0.106534824,0.5049308,0.0053965836,0.0024380875,0.008418696,0.010068349,0.0012021762,0.0004459999,0.07056782,0.0023947402
6,312,C:\Users\40gil\Desktop\final_project\tensor_training\processed_images\firstCut_noZevel\hebrew_to_english\S\S12.jpeg,S,[9],ס,1.0,4,I,0.17370082,0.00058581104,0.09723368,0.0021156278,0.42826352,0.00453382,0.03426121,0.04579045,0.004109628,0.08490076,0.10200137,0.0046357797,0.017867595
7,288,C:\Users\40gil\Desktop\final_project\tensor_training\processed_images\firstCut_noZevel\hebrew_to_english\R\R20.jpg,R,[8],ר,1.0,2,D,0.0011080845,6.8779926e-05,0.80289364,0.016353594,0.043052252,0.01459517,7.2590296e-06,0.0009599051,0.006326571,4.0013325e-05,0.0003000622,0.1036026,0.010692045
8,82,C:\Users\40gil\Desktop\final_project\tensor_training\processed_images\firstCut_noZevel\hebrew_to_english\C\C44.jpeg,C,[1],כ,1.0,2,D,0.0048044715,0.24103746,0.684472,0.0055183913,0.0072619943,0.035439555,6.9195936e-05,0.008961625,0.00063777325,0.0018265367,0.0006432804,0.004541037,0.0047865827
9,94,C:\Users\40gil\Desktop\final_project\tensor_training\processed_images\firstCut_noZevel\hebrew_to_english\D\D11.jpg,D,[2],ו,1.0,2,D,0.2167702,0.0067948936,0.3784033,0.128024,0.13351053,0.011536041,0.0063392324,0.0153260855,0.0081325965,0.02184103,0.014266718,0.040814918,0.0182405
10,35,C:\Users\40gil\Desktop\final_project\tensor_training\processed_images\firstCut_noZevel\hebrew_to_english\B\B27.jpg,B,[0],ב,1.0,11,W,0.06731521,1.7977136e-05,0.003349145,0.0039348183,0.04018523,0.003965708,0.004659547,0.0032516986,7.901668e-05,0.0018742398,0.07086933,0.80042106,7.701274e-05
11,185,C:\Users\40gil\Desktop\final_project\tensor_training\processed_images\firstCut_noZevel\hebrew_to_english\L\L10.jpeg,L,[5],ל,1.0,4,I,0.003316133,0.010703985,0.2290405,0.12247713,0.27479246,0.23918013,0.013002661,0.011008073,0.025118675,0.0029285697,0.0016928746,0.05081598,0.015922835
12,405,C:\Users\40gil\Desktop\final_project\tensor_training\processed_images\firstCut_noZevel\hebrew_to_english\Z\Z2.jpg,Z,[12],ז,1.0,2,D,0.00950843,0.0026568521,0.86968565,0.008043235,0.0041770777,0.04189203,0.002356337,0.018728064,0.018096635,0.0011467655,0.0014019086,0.005427077,0.016879892
13,251,C:\Users\40gil\Desktop\final_project\tensor_training\processed_images\firstCut_noZevel\hebrew_to_english\N\N12.jpg,N,[7],נ,1.0,4,I,0.03539095,9.643524e-06,0.009581742,0.0045316406,0.6702896,0.00035911953,0.035499062,0.029342955,0.00031619042,0.123290814,0.06870614,0.015800508,0.0068816678
14,291,C:\Users\40gil\Desktop\final_project\tensor_training\processed_images\firstCut_noZevel\hebrew_to_english\R\R23.jpg,R,[8],ר,1.0,2,D,0.07110234,0.004679135,0.4508074,0.03469798,0.18222542,0.0036114391,0.00060469523,0.04078697,0.11374514,0.00850056,0.0014905174,0.050751638,0.03699678
15,372,C:\Users\40gil\Desktop\final_project\tensor_training\processed_images\firstCut_noZevel\hebrew_to_english\W\W18.jpg,W,[11],ש,1.0,11,W,0.008315733,6.1063394e-05,0.0708462,0.020111308,0.035103537,0.007927334,7.307105e-05,0.000888443,0.003159523,0.00027662225,0.001047036,0.85166055,0.00052953046
16,226,C:\Users\40gil\Desktop\final_project\tensor_training\processed_images\firstCut_noZevel\hebrew_to_english\M\M17.jpg,M,[6],מ,1.0,9,S,0.02411739,2.8420392e-05,0.015178235,0.007342621,0.31798744,0.00026925947,0.10587973,0.059439003,0.00013878198,0.40737796,0.048704416,0.0028574297,0.010679307
17,401,C:\Users\40gil\Desktop\final_project\tensor_training\processed_images\firstCut_noZevel\hebrew_to_english\Z\Z16.jpg,Z,[12],ז,1.0,2,D,0.00512893,0.0033041986,0.525602,0.009077708,0.046307385,0.06595389,0.0018310292,0.025308039,0.009012534,0.0083638895,0.0030887173,0.012406038,0.28461564
18,143,C:\Users\40gil\Desktop\final_project\tensor_training\processed_images\firstCut_noZevel\hebrew_to_english\F\F23.jpg,F,[3],ט,1.0,4,I,0.009478035,0.00096042885,0.018005263,0.0145959845,0.49093854,0.38162714,0.00046480834,0.0041409074,0.0009449091,0.007075008,0.004092471,0.06130227,0.0063742422
19,227,C:\Users\40gil\Desktop\final_project\tensor_training\processed_images\firstCut_noZevel\hebrew_to_english\M\M18.jpg,M,[6],מ,1.0,6,M,0.0115274545,2.1624028e-06,0.0036618279,0.004352524,0.19569163,3.55184e-05,0.3491253,0.08213944,5.2217606e-06,0.10131645,0.23503463,0.016729647,0.000378207
20,293,C:\Users\40gil\Desktop\final_project\tensor_training\processed_images\firstCut_noZevel\hebrew_to_english\R\R25.jpg,R,[8],ר,1.0,2,D,0.06478712,0.001176019,0.32431096,0.05459138,0.07255948,0.0010498664,0.0018772256,0.0838184,0.08820459,0.013576923,0.0010442048,0.2901483,0.0028555237
21,369,C:\Users\40gil\Desktop\final_project\tensor_training\processed_images\firstCut_noZevel\hebrew_to_english\W\W16.jpeg,W,[11],ש,1.0,11,W,0.27713072,9.160705e-05,0.025999328,0.005194436,0.25146934,0.001781913,0.0024915072,0.000736689,0.010064118,0.0017702013,0.0012643405,0.4214682,0.0005375159
22,246,C:\Users\40gil\Desktop\final_project\tensor_training\processed_images\firstCut_noZevel\hebrew_to_english\M\M8.jpg,M,[6],מ,1.0,7,N,0.1175589,0.0011992195,0.08162949,0.1803178,0.1171426,0.013449492,0.076570444,0.27696484,0.00017900324,0.03261545,0.030151783,0.06861897,0.0036020374
23,61,C:\Users\40gil\Desktop\final_project\tensor_training\processed_images\firstCut_noZevel\hebrew_to_english\C\C20.jpg,C,[1],כ,1.0,1,C,0.0026503694,0.80784553,0.08582949,0.009336008,0.0020947054,0.05138015,0.00023778794,0.00560642,0.0036208334,0.013439217,0.0095782,0.0008430198,0.0075383475
24,309,C:\Users\40gil\Desktop\final_project\tensor_training\processed_images\firstCut_noZevel\hebrew_to_english\S\S10.jpeg,S,[9],ס,1.0,3,F,0.10074438,0.00046707573,0.022103043,0.29968205,0.048443094,0.00013411936,0.13037282,0.085740335,0.0014178628,0.040997252,0.010953895,0.25180215,0.007141944
25,319,C:\Users\40gil\Desktop\final_project\tensor_training\processed_images\firstCut_noZevel\hebrew_to_english\S\S2.jpg,S,[9],ס,1.0,2,D,0.14885461,0.0015802635,0.37826106,0.03694944,0.30135608,0.008207086,0.0008452393,0.004357532,0.0020911144,0.015010455,0.036044467,0.042381443,0.024061317
26,7,C:\Users\40gil\Desktop\final_project\tensor_training\processed_images\firstCut_noZevel\asl_alphabet_test\N_test.jpg,N,[7],נ,,7,N,0.007880507,0.0075974017,0.009607254,0.0064665545,0.080336064,0.03745825,0.22864039,0.5119505,0.0062572495,0.06521384,0.024238281,0.002638549,0.011715198
27,393,C:\Users\40gil\Desktop\final_project\tensor_training\processed_images\firstCut_noZevel\hebrew_to_english\Z\Z1.jpg,Z,[12],ז,1.0,2,D,0.0010474859,0.0004767649,0.840483,0.0035032115,0.003866214,0.010347123,0.00035626607,0.0034890382,0.0043655294,0.0006115172,0.0003246151,0.0033924205,0.12773684
28,364,C:\Users\40gil\Desktop\final_project\tensor_training\processed_images\firstCut_noZevel\hebrew_to_english\W\W11.jpg,W,[11],ש,1.0,11,W,0.17188127,6.385415e-05,0.2598566,0.021921623,0.11288458,0.0007714484,0.017970437,0.008968936,0.019223705,0.001859055,0.018459957,0.36540803,0.0007304899
29,322,C:\Users\40gil\Desktop\final_project\tensor_training\processed_images\firstCut_noZevel\hebrew_to_english\S\S22.jpg,S,[9],ס,1.0,4,I,0.019777503,3.9662205e-05,0.13795042,0.0037204106,0.52523804,0.00012906168,0.017757969,0.16057692,0.011718202,0.051435467,0.015312031,0.048370976,0.007973413
30,76,C:\Users\40gil\Desktop\final_project\tensor_training\processed_images\firstCut_noZevel\hebrew_to_english\C\C39.jpeg,C,[1],כ,1.0,5,L,0.0011743357,0.017105253,0.083209686,0.009016034,0.031817876,0.61069137,0.00011364973,0.009562481,0.0046873703,0.021653386,0.002440566,0.0021325776,0.20639546
31,15,C:\Users\40gil\Desktop\final_project\tensor_training\processed_images\firstCut_noZevel\hebrew_to_english\B\B11.jpg,B,[0],ב,1.0,11,W,0.2081175,0.00024062594,0.03380611,0.03779494,0.26719108,0.005923834,0.09306053,0.017608551,0.0055897795,0.0018584861,0.022648847,0.30601585,0.00014384372
32,65,C:\Users\40gil\Desktop\final_project\tensor_training\processed_images\firstCut_noZevel\hebrew_to_english\C\C25.jpg,C,[1],כ,1.0,2,D,0.0010197404,0.17883652,0.7154825,0.047680795,0.00064445514,0.035903107,0.00029592228,0.01757424,0.00015749465,0.0009904029,0.0002973428,0.00049925584,0.0006182865
33,304,C:\Users\40gil\Desktop\final_project\tensor_training\processed_images\firstCut_noZevel\hebrew_to_english\R\R8.jpeg,R,[8],ר,1.0,2,D,0.1409953,0.0046587754,0.35973287,0.075419515,0.07084031,0.0037928205,0.026474986,0.054574862,0.09020215,0.0033743053,0.0031588334,0.16444173,0.0023334823
34,341,C:\Users\40gil\Desktop\final_project\tensor_training\processed_images\firstCut_noZevel\hebrew_to_english\T\T16.jpg,T,[10],ת,1.0,9,S,0.001619507,7.357536e-05,0.009505999,0.008094791,0.38745433,0.0019654431,0.0023827676,0.029458953,0.0017088553,0.42780137,0.02811778,0.00050664943,0.1013101
35,38,C:\Users\40gil\Desktop\final_project\tensor_training\processed_images\firstCut_noZevel\hebrew_to_english\B\B3.jpeg,B,[0],ב,1.0,0,B,0.38446042,0.0001532616,0.21344073,0.032662097,0.15400344,0.00032936616,0.002546962,0.0012583811,0.0028775139,0.002757628,0.02668786,0.17767833,0.0011439887
36,307,C:\Users\40gil\Desktop\final_project\tensor_training\processed_images\firstCut_noZevel\hebrew_to_english\R\R9.jpg,R,[8],ר,1.0,2,D,0.005182142,0.007992341,0.51356834,0.25567693,0.012611977,0.012063546,0.0003009182,0.0098881405,0.01616236,0.00015470116,0.000322551,0.15990539,0.0061706244
37,165,C:\Users\40gil\Desktop\final_project\tensor_training\processed_images\firstCut_noZevel\hebrew_to_english\I\I16.jpg,I,[4],י,1.0,2,D,0.0047677862,5.3593394e-05,0.40693435,0.0073590116,0.07829651,0.00152472,5.5133503e-05,0.0065449965,0.0013529356,0.0015033914,0.0015581157,0.29679593,0.19325352
38,93,C:\Users\40gil\Desktop\final_project\tensor_training\processed_images\firstCut_noZevel\hebrew_to_english\D\D11.jpeg,D,[2],ו,1.0,2,D,0.08960146,2.2198481e-05,0.310509,0.024667123,0.2968462,0.00066758174,0.012928689,0.074742876,0.0015791272,0.0051158746,0.018100256,0.1567377,0.008481879
39,347,C:\Users\40gil\Desktop\final_project\tensor_training\processed_images\firstCut_noZevel\hebrew_to_english\T\T22.jpg,T,[10],ת,1.0,7,N,0.037208207,0.0014378923,0.14414747,0.035891745,0.17858382,0.0022396857,0.043523,0.46411353,0.0010464636,0.02813066,0.028642112,0.017881064,0.017154342
40,159,C:\Users\40gil\Desktop\final_project\tensor_training\processed_images\firstCut_noZevel\hebrew_to_english\I\I10.jpeg,I,[4],י,1.0,4,I,0.118428215,0.00035933565,0.17196304,0.068755016,0.30477077,9.622959e-05,0.0071772668,0.030081192,0.0027682513,0.030511174,0.01042307,0.24111216,0.013554305
41,198,C:\Users\40gil\Desktop\final_project\tensor_training\processed_images\firstCut_noZevel\hebrew_to_english\L\L2.jpeg,L,[5],ל,1.0,5,L,0.001731056,0.008247639,0.023148589,0.017423136,0.3640056,0.5260107,0.00029285127,0.0016804929,0.0015495281,0.0031080423,0.0011980194,0.026084255,0.02552003
42,118,C:\Users\40gil\Desktop\final_project\tensor_training\processed_images\firstCut_noZevel\hebrew_to_english\D\D3.jpeg,D,[2],ו,1.0,2,D,0.059341323,0.00090714486,0.7059939,0.032255232,0.015914628,0.00093504635,0.0013322433,0.014952936,0.023170823,0.00064987584,0.00026619545,0.13784729,0.006433446
43,348,C:\Users\40gil\Desktop\final_project\tensor_training\processed_images\firstCut_noZevel\hebrew_to_english\T\T23.jpg,T,[10],ת,1.0,4,I,0.31012642,0.00024887233,0.020298623,0.03062479,0.45470703,0.0003620762,0.017824495,0.026123203,0.0012341053,0.0664232,0.02528614,0.038426545,0.008314521
44,158,C:\Users\40gil\Desktop\final_project\tensor_training\processed_images\firstCut_noZevel\hebrew_to_english\I\I1.jpg,I,[4],י,1.0,2,D,0.0031727115,0.00018478697,0.39705124,0.008872364,0.32988513,0.057779346,0.00032386155,0.017772457,0.0065954695,0.0047800867,0.009263672,0.135154,0.029164951
45,320,C:\Users\40gil\Desktop\final_project\tensor_training\processed_images\firstCut_noZevel\hebrew_to_english\S\S20.jpg,S,[9],ס,1.0,7,N,0.10117273,0.000107177606,0.05974794,0.035166442,0.16474152,5.4501663e-05,0.1404633,0.38984066,0.0012251962,0.07888945,0.013877729,0.010443051,0.004270305
46,20,C:\Users\40gil\Desktop\final_project\tensor_training\processed_images\firstCut_noZevel\hebrew_to_english\B\B14.jpg,B,[0],ב,1.0,11,W,0.21824211,0.00093621365,0.02736079,0.09226635,0.20072985,0.01214405,0.010323783,0.03776921,0.005944841,0.004013803,0.010475607,0.3793042,0.0004892934
47,395,C:\Users\40gil\Desktop\final_project\tensor_training\processed_images\firstCut_noZevel\hebrew_to_english\Z\Z11.jpeg,Z,[12],ז,1.0,2,D,0.008815299,0.033092353,0.68725216,0.014069772,0.02013432,0.042313028,0.02286882,0.066304035,0.003980337,0.008944893,0.0032630342,0.002162111,0.086799815
48,266,C:\Users\40gil\Desktop\final_project\tensor_training\processed_images\firstCut_noZevel\hebrew_to_english\N\N5.jpg,N,[7],נ,1.0,4,I,0.10192052,0.00018651632,0.12997632,0.039072424,0.3979715,0.0013955571,0.011645583,0.0075306743,0.0032008786,0.026731947,0.15089345,0.12517378,0.004300903
49,114,C:\Users\40gil\Desktop\final_project\tensor_training\processed_images\firstCut_noZevel\hebrew_to_english\D\D24.jpg,D,[2],ו,1.0,11,W,0.11288884,0.0014445,0.2076479,0.008984975,0.2269869,0.06551999,0.014885735,0.025297875,0.008651914,0.0018884697,0.003319962,0.3168101,0.0056728483
50,239,C:\Users\40gil\Desktop\final_project\tensor_training\processed_images\firstCut_noZevel\hebrew_to_english\M\M4.jpg,M,[6],מ,1.0,4,I,0.21292254,0.0011010227,0.16029616,0.060146235,0.29841632,0.005261007,0.047286294,0.023332369,0.0012413783,0.014405214,0.05635731,0.118450634,0.00078358926
51,242,C:\Users\40gil\Desktop\final_project\tensor_training\processed_images\firstCut_noZevel\hebrew_to_english\M\M6.jpg,M,[6],מ,1.0,4,I,0.033177167,0.0039400766,0.06326892,0.060932294,0.30612597,0.00967856,0.11591275,0.06268519,0.002001523,0.17179006,0.114253744,0.009457149,0.046776656
52,123,C:\Users\40gil\Desktop\final_project\tensor_training\processed_images\firstCut_noZevel\hebrew_to_english\D\D7.jpg,D,[2],ו,1.0,2,D,0.006377324,0.024894048,0.58693856,0.01582852,0.06286608,0.08925183,0.001000046,0.015541759,0.10626625,0.0015686218,0.000109107525,0.077248685,0.012109173
53,8,C:\Users\40gil\Desktop\final_project\tensor_training\processed_images\firstCut_noZevel\asl_alphabet_test\R_test.jpg,R,[8],ר,,8,R,0.018098252,0.0015419567,0.0092451535,0.0107644675,0.21341228,0.03993225,0.0047404226,0.0043429267,0.56858367,0.0176731,0.02627568,0.054862577,0.030527268
54,302,C:\Users\40gil\Desktop\final_project\tensor_training\processed_images\firstCut_noZevel\hebrew_to_english\R\R7.jpeg,R,[8],ר,1.0,2,D,0.066175826,0.0020420742,0.35990807,0.17853476,0.019139403,0.0021056272,0.0030925502,0.033101857,0.17161106,0.0005008787,0.00077078654,0.15410605,0.008911083
55,106,C:\Users\40gil\Desktop\final_project\tensor_training\processed_images\firstCut_noZevel\hebrew_to_english\D\D18.jpg,D,[2],ו,1.0,11,W,0.023252528,0.0007355377,0.37562415,0.098255545,0.04665961,0.0037021064,0.00096900226,0.011682078,0.008255981,0.0012343797,0.0010807079,0.41275334,0.015795054
56,149,C:\Users\40gil\Desktop\final_project\tensor_training\processed_images\firstCut_noZevel\hebrew_to_english\F\F5.jpg,F,[3],ט,1.0,11,W,0.16495225,0.00015707794,0.034227364,0.055226568,0.023396742,0.011051414,0.012890112,0.0025107556,0.0081855925,0.010790236,0.044345073,0.6320756,0.00019122247
57,371,C:\Users\40gil\Desktop\final_project\tensor_training\processed_images\firstCut_noZevel\hebrew_to_english\W\W17.jpg,W,[11],ש,1.0,11,W,0.104746446,3.890714e-05,0.10247137,0.024522403,0.02582468,0.0004447008,0.0008686359,0.003850298,0.00027926915,0.00067884644,0.0064252587,0.72885114,0.000998099
58,120,C:\Users\40gil\Desktop\final_project\tensor_training\processed_images\firstCut_noZevel\hebrew_to_english\D\D4.jpg,D,[2],ו,1.0,2,D,0.1307027,0.007243101,0.28766486,0.20076245,0.08126167,0.0077364054,0.047433816,0.119725734,0.059993155,0.01604615,0.006602431,0.028710624,0.006116874
59,137,C:\Users\40gil\Desktop\final_project\tensor_training\processed_images\firstCut_noZevel\hebrew_to_english\F\F19.jpg,F,[3],ט,1.0,11,W,0.14369807,0.00036433717,0.3001753,0.13826251,0.021942541,0.008860016,0.0012424573,0.0026073128,0.00027605423,0.00065489823,0.004072278,0.37683988,0.0010043045
60,329,C:\Users\40gil\Desktop\final_project\tensor_training\processed_images\firstCut_noZevel\hebrew_to_english\S\S6.jpeg,S,[9],ס,1.0,10,T,0.022288041,4.8841557e-05,0.22705911,0.022482852,0.19844438,0.00039565438,0.045590628,0.15747124,0.00056961,0.038609605,0.25018257,0.028477134,0.008380341
61,327,C:\Users\40gil\Desktop\final_project\tensor_training\processed_images\firstCut_noZevel\hebrew_to_english\S\S4.jpg,S,[9],ס,1.0,2,D,0.23315522,0.0002775461,0.4372681,0.02054552,0.07927295,0.012325082,0.003331114,0.007296306,0.00020170037,0.054168336,0.13762033,0.009403279,0.005134528
62,75,C:\Users\40gil\Desktop\final_project\tensor_training\processed_images\firstCut_noZevel\hebrew_to_english\C\C38.jpeg,C,[1],כ,1.0,2,D,0.024410333,0.112528056,0.531802,0.18293193,0.014472481,0.0008187851,0.0023706865,0.105865926,0.010144221,0.0044426685,0.00016216483,0.004276808,0.005773936
63,360,C:\Users\40gil\Desktop\final_project\tensor_training\processed_images\firstCut_noZevel\hebrew_to_english\T\T9.jpeg,T,[10],ת,1.0,4,I,0.07669838,0.00036768202,0.07313954,0.08140179,0.3640898,0.0001099267,0.04458413,0.010576826,0.0018922245,0.024209535,0.024653245,0.273732,0.024544943
64,396,C:\Users\40gil\Desktop\final_project\tensor_training\processed_images\firstCut_noZevel\hebrew_to_english\Z\Z11.jpg,Z,[12],ז,1.0,2,D,0.011824694,0.0013813734,0.35337368,0.007477404,0.2093955,0.014159172,0.00994803,0.050632045,0.17758243,0.051040035,0.016248204,0.008136114,0.08880135
65,170,C:\Users\40gil\Desktop\final_project\tensor_training\processed_images\firstCut_noZevel\hebrew_to_english\I\I2.jpg,I,[4],י,1.0,2,D,0.0011808763,0.00040300272,0.9216532,0.028132234,0.016409574,0.013525458,0.00019947406,0.0023027435,0.00013527721,0.0015031906,0.0012412878,0.010786274,0.0025274786
66,66,C:\Users\40gil\Desktop\final_project\tensor_training\processed_images\firstCut_noZevel\hebrew_to_english\C\C26.jpg,C,[1],כ,1.0,1,C,0.0033104504,0.56539536,0.21349919,0.058731724,0.009978112,0.014305013,0.0011189122,0.056917503,0.0034019274,0.010305053,0.00018178746,0.01895508,0.043899912
67,1,C:\Users\40gil\Desktop\final_project\tensor_training\processed_images\firstCut_noZevel\asl_alphabet_test\C_test.jpg,C,[1],כ,,1,C,8.116808e-06,0.999413,0.00027874883,2.5818199e-05,6.868841e-06,0.00015713078,5.6874787e-06,1.30663075e-05,1.6365901e-06,4.7054054e-06,3.08733e-05,1.1076237e-06,5.325771e-05
68,12,C:\Users\40gil\Desktop\final_project\tensor_training\processed_images\firstCut_noZevel\asl_alphabet_test\Z_test.jpg,Z,[12],ז,,12,Z,0.0043803668,0.00012882719,0.0757449,0.006546076,0.17678584,0.025043325,0.0006157512,0.00027651968,0.09385135,0.0033611197,0.021046484,0.045546457,0.54667294
69,334,C:\Users\40gil\Desktop\final_project\tensor_training\processed_images\firstCut_noZevel\hebrew_to_english\T\T1.jpg,T,[10],ת,1.0,11,W,0.016581116,0.0005827886,0.11468904,0.03259376,0.19215798,0.06352082,0.0028545877,0.06800799,0.00084047514,0.026906786,0.22154398,0.24937679,0.01034392
70,200,C:\Users\40gil\Desktop\final_project\tensor_training\processed_images\firstCut_noZevel\hebrew_to_english\L\L20.jpg,L,[5],ל,1.0,2,D,0.0008771488,0.014523977,0.7512128,0.016353248,0.09127725,0.04729587,0.0012396943,0.0034875483,0.0008942708,0.0057167346,0.03301516,0.0011718663,0.032934375
71,287,C:\Users\40gil\Desktop\final_project\tensor_training\processed_images\firstCut_noZevel\hebrew_to_english\R\R2.jpeg,R,[8],ר,1.0,8,R,0.005152403,0.0019644946,0.04354556,0.0076046046,0.3518894,0.0039978246,0.011224513,0.045852367,0.5052125,0.0052946387,0.003746258,0.012011371,0.0025041047
72,160,C:\Users\40gil\Desktop\final_project\tensor_training\processed_images\firstCut_noZevel\hebrew_to_english\I\I10.jpg,I,[4],י,1.0,3,F,0.064108826,0.008097369,0.32930908,0.3919804,0.07575966,0.008710954,0.0038505886,0.010445583,0.0045166067,0.0039463225,0.00037140332,0.097669095,0.0012340964
73,211,C:\Users\40gil\Desktop\final_project\tensor_training\processed_images\firstCut_noZevel\hebrew_to_english\L\L7.jpeg,L,[5],ל,1.0,5,L,0.0027719012,0.037836935,0.07214588,0.009214377,0.055578277,0.7406636,0.008038075,0.025350202,0.020593654,0.0031966087,0.011400916,0.004747295,0.008462339
74,215,C:\Users\40gil\Desktop\final_project\tensor_training\processed_images\firstCut_noZevel\hebrew_to_english\L\L9.jpg,L,[5],ל,1.0,5,L,0.0021792075,0.019198379,0.032934107,0.027015077,0.06739025,0.6073553,0.051458303,0.12398968,0.003779648,0.007838133,0.031992216,0.0036057984,0.021263879
75,346,C:\Users\40gil\Desktop\final_project\tensor_training\processed_images\firstCut_noZevel\hebrew_to_english\T\T21.jpg,T,[10],ת,1.0,4,I,0.06498325,0.0001317142,0.015245802,0.0152390255,0.8173332,0.0003979677,0.028789725,0.019911578,0.00012653322,0.018143352,0.013411557,0.005164865,0.0011214302
76,152,C:\Users\40gil\Desktop\final_project\tensor_training\processed_images\firstCut_noZevel\hebrew_to_english\F\F7.jpg,F,[3],ט,1.0,3,F,0.26758748,0.0042323065,0.04687367,0.26825935,0.061880056,0.058908895,0.12204015,0.002995026,0.0030041642,0.018102955,0.090369254,0.054982934,0.00076375995
77,14,C:\Users\40gil\Desktop\final_project\tensor_training\processed_images\firstCut_noZevel\hebrew_to_english\B\B10.jpg,B,[0],ב,1.0,4,I,0.20703375,0.0004843256,0.05092041,0.11297372,0.2887952,0.012724951,0.23158345,0.02562619,0.0028636472,0.0041375216,0.0266399,0.035849985,0.00036695285
78,205,C:\Users\40gil\Desktop\final_project\tensor_training\processed_images\firstCut_noZevel\hebrew_to_english\L\L4.jpeg,L,[5],ל,1.0,5,L,0.0010714709,0.00170415,0.10116453,0.0027698146,0.009161019,0.7778323,0.00069292897,0.00434633,0.0007109098,4.191683e-05,0.0012163185,0.08890637,0.010381923
79,179,C:\Users\40gil\Desktop\final_project\tensor_training\processed_images\firstCut_noZevel\hebrew_to_english\I\I7.jpeg,I,[4],י,1.0,7,N,0.0076678735,0.002265587,0.13761444,0.0028851253,0.11681981,0.0043637524,0.01187829,0.59783185,0.0052258964,0.033560496,0.0032670344,0.00395638,0.07266342
80,104,C:\Users\40gil\Desktop\final_project\tensor_training\processed_images\firstCut_noZevel\hebrew_to_english\D\D17.jpg,D,[2],ו,1.0,2,D,0.020611802,0.0012976085,0.5740126,0.09836706,0.06363969,0.0052922536,0.0021987704,0.03568514,0.008232158,0.00017191078,7.470323e-05,0.18224028,0.008176028
81,250,C:\Users\40gil\Desktop\final_project\tensor_training\processed_images\firstCut_noZevel\hebrew_to_english\N\N11.jpg,N,[7],נ,1.0,7,N,0.056147978,0.000105020124,0.010006046,0.07304516,0.043886147,0.0016260919,0.12582883,0.64414805,0.003288308,0.005137134,0.010532846,0.024361044,0.0018873118
82,87,C:\Users\40gil\Desktop\final_project\tensor_training\processed_images\firstCut_noZevel\hebrew_to_english\C\C8.jpg,C,[1],כ,1.0,7,N,0.106870845,0.104212694,0.03181457,0.045598853,0.0026646885,0.03110607,0.15284285,0.49280694,0.00059083756,0.008601811,0.0066859773,0.01439427,0.0018095816
83,109,C:\Users\40gil\Desktop\final_project\tensor_training\processed_images\firstCut_noZevel\hebrew_to_english\D\D2.jpg,D,[2],ו,1.0,3,F,0.012796641,0.00028407705,0.24472877,0.3199609,0.19066276,0.0677744,0.0028544508,0.020225266,0.013541631,0.012858082,0.0056348196,0.10636721,0.002311005
84,176,C:\Users\40gil\Desktop\final_project\tensor_training\processed_images\firstCut_noZevel\hebrew_to_english\I\I5.jpeg,I,[4],י,1.0,4,I,0.030946277,6.7210545e-05,0.00305273,0.006851675,0.6443426,0.017412612,0.057034902,0.017954266,0.00045413894,0.018735645,0.16564748,0.03503945,0.0024610814
85,344,C:\Users\40gil\Desktop\final_project\tensor_training\processed_images\firstCut_noZevel\hebrew_to_english\T\T2.jpg,T,[10],ת,1.0,3,F,0.015553598,0.0014359129,0.20744811,0.5036339,0.06592276,0.0048711374,0.0044880626,0.035255145,0.0070286714,0.04590106,0.02630499,0.061801977,0.02035471
86,313,C:\Users\40gil\Desktop\final_project\tensor_training\processed_images\firstCut_noZevel\hebrew_to_english\S\S13.jpeg,S,[9],ס,1.0,4,I,0.012503456,0.00027652652,0.15885241,0.0025063655,0.50528854,0.0025093998,0.0003442815,0.040289745,0.00062895415,0.11982448,0.025137056,0.0026300538,0.12920874
87,89,C:\Users\40gil\Desktop\final_project\tensor_training\processed_images\firstCut_noZevel\hebrew_to_english\D\D1.jpeg,D,[2],ו,1.0,2,D,0.0042253537,0.018924305,0.46700853,0.013995239,0.064387344,0.19993927,0.001020541,0.004230928,0.19437623,0.0019513592,0.0015753753,0.009057534,0.019308034
88,412,C:\Users\40gil\Desktop\final_project\tensor_training\processed_images\firstCut_noZevel\hebrew_to_english\Z\Z4.jpeg,Z,[12],ז,1.0,8,R,0.012690976,0.0061337226,0.21014404,0.022723416,0.11027863,0.13860898,0.0124867875,0.030075284,0.22316754,0.056979526,0.062907025,0.00464496,0.10915911
89,403,C:\Users\40gil\Desktop\final_project\tensor_training\processed_images\firstCut_noZevel\hebrew_to_english\Z\Z19.jpg,Z,[12],ז,1.0,2,D,0.0032606244,0.0004094057,0.8204709,0.07009432,0.034153547,0.0036675746,2.9932442e-05,0.00466643,0.00419241,0.00016441099,0.0004419851,0.03970499,0.01874336
90,92,C:\Users\40gil\Desktop\final_project\tensor_training\processed_images\firstCut_noZevel\hebrew_to_english\D\D10.jpg,D,[2],ו,1.0,0,B,0.5644448,0.0004932251,0.036596864,0.047138352,0.098171145,0.01732741,0.028142806,0.055664223,0.0046322085,0.02840408,0.010410788,0.10647592,0.0020981347
91,232,C:\Users\40gil\Desktop\final_project\tensor_training\processed_images\firstCut_noZevel\hebrew_to_english\M\M22.jpg,M,[6],מ,1.0,4,I,0.10765303,0.0009612498,0.046853226,0.12881027,0.40137312,0.0024012884,0.06376052,0.070228755,0.020528048,0.07086715,0.023083925,0.04875967,0.0147197675
92,214,C:\Users\40gil\Desktop\final_project\tensor_training\processed_images\firstCut_noZevel\hebrew_to_english\L\L9.jpeg,L,[5],ל,1.0,5,L,0.0041135405,0.021988336,0.07072049,0.024857558,0.014709956,0.75513697,0.0013941298,0.0018469185,0.04478937,8.199435e-05,0.00025012504,0.055739783,0.0043708202
93,418,C:\Users\40gil\Desktop\final_project\tensor_training\processed_images\firstCut_noZevel\hebrew_to_english\Z\Z7.jpeg,Z,[12],ז,1.0,2,D,0.0007881133,0.00022729514,0.67586225,0.009512074,0.05761684,0.033389248,2.1369287e-05,0.0021080358,0.001319404,0.0013753548,0.00053626543,0.01279326,0.20445053
94,6,C:\Users\40gil\Desktop\final_project\tensor_training\processed_images\firstCut_noZevel\asl_alphabet_test\M_test.jpg,M,[6],מ,,6,M,0.006534058,6.250387e-05,0.00016384645,0.00031900464,0.0005329664,1.7785844e-05,0.6131505,0.37484515,0.000120674726,0.0034558412,0.0007277499,2.5926742e-05,4.393273e-05
95,267,C:\Users\40gil\Desktop\final_project\tensor_training\processed_images\firstCut_noZevel\hebrew_to_english\N\N6.jpeg,N,[7],נ,1.0,7,N,0.03515405,0.004367461,0.18176123,0.06810971,0.12648281,0.0054188487,0.16566715,0.20701683,0.006810326,0.15896347,0.02242172,0.0017508805,0.01607558
96,199,C:\Users\40gil\Desktop\final_project\tensor_training\processed_images\firstCut_noZevel\hebrew_to_english\L\L2.jpg,L,[5],ל,1.0,5,L,0.016173502,0.0016613855,0.02947431,0.011036381,0.013730781,0.87518036,0.0015829742,0.0040001627,0.00015098558,0.009445918,0.027276225,0.008742001,0.001545025
97,78,C:\Users\40gil\Desktop\final_project\tensor_training\processed_images\firstCut_noZevel\hebrew_to_english\C\C40.jpeg,C,[1],כ,1.0,5,L,0.0013304594,0.118010476,0.16741593,0.052665442,0.008070802,0.5923518,0.00026667616,0.0018738495,0.0063342797,0.013408671,0.00029887393,0.00078696857,0.03718577
98,265,C:\Users\40gil\Desktop\final_project\tensor_training\processed_images\firstCut_noZevel\hebrew_to_english\N\N5.jpeg,N,[7],נ,1.0,4,I,0.009920013,2.1770571e-05,0.009846223,0.005307742,0.42507315,0.00026617752,0.018511623,0.045111395,0.00022452723,0.23082787,0.243816,0.00068126014,0.010392208
99,154,C:\Users\40gil\Desktop\final_project\tensor_training\processed_images\firstCut_noZevel\hebrew_to_english\F\F8.jpg,F,[3],ט,1.0,4,I,0.029703133,0.005524473,0.16088624,0.0069596227,0.5201818,0.044857584,0.029152438,0.03625965,0.0027836259,0.070510164,0.03299755,0.023155443,0.03702827
100,352,C:\Users\40gil\Desktop\final_project\tensor_training\processed_images\firstCut_noZevel\hebrew_to_english\T\T4.jpg,T,[10],ת,1.0,11,W,0.16251399,0.0003680958,0.09917512,0.059838444,0.09151855,0.013260647,0.032190315,0.008865121,0.0017840202,0.014974913,0.13326453,0.37621328,0.0060329605
101,272,C:\Users\40gil\Desktop\final_project\tensor_training\processed_images\firstCut_noZevel\hebrew_to_english\N\N9.jpeg,N,[7],נ,1.0,11,W,0.10551689,0.0014026087,0.06904888,0.13321665,0.034137588,0.0027333547,0.014170652,0.05708664,0.0012112461,0.018930092,0.23128356,0.31700638,0.014255478
102,186,C:\Users\40gil\Desktop\final_project\tensor_training\processed_images\firstCut_noZevel\hebrew_to_english\L\L11.jpeg,L,[5],ל,1.0,2,D,0.05526998,0.005431605,0.33341175,0.010425554,0.25505343,0.2503549,0.0014435883,0.014519245,0.0003892946,0.005194884,0.03601461,0.024206098,0.008285048
103,384,C:\Users\40gil\Desktop\final_project\tensor_training\processed_images\firstCut_noZevel\hebrew_to_english\W\W4.jpg,W,[11],ש,1.0,11,W,0.1082061,0.0006025821,0.06896678,0.086803585,0.04899647,0.0551423,0.05450825,0.003749522,0.0029659523,0.00037692624,0.006825451,0.5626985,0.00015752607
104,263,C:\Users\40gil\Desktop\final_project\tensor_training\processed_images\firstCut_noZevel\hebrew_to_english\N\N4.jpeg,N,[7],נ,1.0,4,I,0.058723226,0.00044468875,0.023021486,0.04120465,0.32140332,0.035933856,0.114642374,0.027765576,0.002475605,0.010961673,0.18831214,0.16198233,0.013129085
105,116,C:\Users\40gil\Desktop\final_project\tensor_training\processed_images\firstCut_noZevel\hebrew_to_english\D\D26.jpg,D,[2],ו,1.0,4,I,0.054676514,0.0008626277,0.23025145,0.2322147,0.29356164,0.0058375504,0.0051869806,0.010497014,0.016196478,0.0010332644,0.0005294796,0.14764164,0.0015106539
106,362,C:\Users\40gil\Desktop\final_project\tensor_training\processed_images\firstCut_noZevel\hebrew_to_english\W\W10.jpeg,W,[11],ש,1.0,11,W,0.07666753,0.004746657,0.156468,0.10075313,0.04994157,0.047795333,0.00072341546,0.0043128184,0.0015842823,0.0037207545,0.03303978,0.5180972,0.0021495114
107,389,C:\Users\40gil\Desktop\final_project\tensor_training\processed_images\firstCut_noZevel\hebrew_to_english\W\W7.jpg,W,[11],ש,1.0,0,B,0.5949082,0.0009571202,0.024968494,0.017891966,0.16568504,0.0018884635,0.12089478,0.024346216,0.0035834466,0.013689172,0.011736547,0.018910369,0.0005402075
108,359,C:\Users\40gil\Desktop\final_project\tensor_training\processed_images\firstCut_noZevel\hebrew_to_english\T\T8.jpg,T,[10],ת,1.0,11,W,0.017394597,0.00018547612,0.029311322,0.06508848,0.1330709,0.00061626226,0.13338451,0.014393786,0.00014574426,0.02591184,0.19989522,0.376841,0.003760849
109,286,C:\Users\40gil\Desktop\final_project\tensor_training\processed_images\firstCut_noZevel\hebrew_to_english\R\R18.jpg,R,[8],ר,1.0,2,D,0.02594152,0.0055467742,0.21382499,0.014087961,0.16864456,0.0059771086,0.002362124,0.07145114,0.010607783,0.13376965,0.05780541,0.1417606,0.1482204
110,233,C:\Users\40gil\Desktop\final_project\tensor_training\processed_images\firstCut_noZevel\hebrew_to_english\M\M23.jpg,M,[6],מ,1.0,4,I,0.021970842,4.3057553e-05,0.009179048,0.013643223,0.44613197,5.9578353e-05,0.31820714,0.049802113,0.00021704439,0.026538821,0.015601219,0.09774843,0.00085758965
111,240,C:\Users\40gil\Desktop\final_project\tensor_training\processed_images\firstCut_noZevel\hebrew_to_english\M\M5.jpeg,M,[6],מ,1.0,10,T,0.051859524,0.00015269895,0.007266226,0.08804531,0.24099329,0.00504537,0.02760066,0.023518937,0.005095349,0.06832552,0.4362945,0.02823283,0.017569853
112,98,C:\Users\40gil\Desktop\final_project\tensor_training\processed_images\firstCut_noZevel\hebrew_to_english\D\D14.jpeg,D,[2],ו,1.0,11,W,0.010204029,0.0022981938,0.2987963,0.06898294,0.11613734,0.07034888,0.033752825,0.034553513,0.0032015555,0.0038306827,0.012806171,0.30559424,0.039493367
113,229,C:\Users\40gil\Desktop\final_project\tensor_training\processed_images\firstCut_noZevel\hebrew_to_english\M\M2.jpg,M,[6],מ,1.0,10,T,0.025917571,0.0003466428,0.013288082,0.028847672,0.09637261,0.0065125064,0.21641558,0.043000445,0.00011182938,0.033326935,0.32682398,0.20599777,0.0030383554
114,394,C:\Users\40gil\Desktop\final_project\tensor_training\processed_images\firstCut_noZevel\hebrew_to_english\Z\Z10.jpg,Z,[12],ז,1.0,4,I,0.003552383,0.0005450344,0.027299076,0.0020564746,0.5811184,0.0002866058,0.0035826478,0.02001141,0.0036301129,0.12933034,0.005336038,0.00080987305,0.22244166
115,355,C:\Users\40gil\Desktop\final_project\tensor_training\processed_images\firstCut_noZevel\hebrew_to_english\T\T6.jpeg,T,[10],ת,1.0,10,T,0.027181556,0.00037024144,0.04173116,0.010228946,0.36147967,0.012232111,0.033777338,0.0543198,0.0042661238,0.05489786,0.36966798,0.007510561,0.022336677
116,218,C:\Users\40gil\Desktop\final_project\tensor_training\processed_images\firstCut_noZevel\hebrew_to_english\M\M10.jpeg,M,[6],מ,1.0,2,D,0.08541471,0.005800699,0.4559193,0.05260623,0.11693549,0.0023883246,0.009784359,0.07970179,0.002323796,0.012221827,0.089611605,0.0665861,0.020705737
117,129,C:\Users\40gil\Desktop\final_project\tensor_training\processed_images\firstCut_noZevel\hebrew_to_english\F\F10.jpg,F,[3],ט,1.0,5,L,0.0021618477,0.0009285324,0.08087348,0.050914787,0.1376781,0.6210548,0.00017075757,0.0012579489,0.005900861,0.00038503003,0.0016694433,0.09160396,0.005400405
118,101,C:\Users\40gil\Desktop\final_project\tensor_training\processed_images\firstCut_noZevel\hebrew_to_english\D\D16.jpeg,D,[2],ו,1.0,4,I,0.0646148,0.0005051578,0.06699259,0.005387181,0.7159621,0.023434993,0.0009812128,0.0064589013,0.019903798,0.059897423,0.010028907,0.0039911,0.021841863
119,342,C:\Users\40gil\Desktop\final_project\tensor_training\processed_images\firstCut_noZevel\hebrew_to_english\T\T17.jpg,T,[10],ת,1.0,9,S,0.0066963015,9.0077694e-05,0.017087437,0.027083397,0.25058854,0.0013389403,0.00465915,0.10045988,0.0007830711,0.553402,0.021611251,0.00089682377,0.015303058
120,140,C:\Users\40gil\Desktop\final_project\tensor_training\processed_images\firstCut_noZevel\hebrew_to_english\F\F20.jpg,F,[3],ט,1.0,4,I,0.0010905818,0.00010932793,0.009071505,0.0006524485,0.8796576,0.0837121,0.0002540562,0.0040019304,0.00094463927,0.00079089793,0.0017634339,0.014849447,0.003101966
121,206,C:\Users\40gil\Desktop\final_project\tensor_training\processed_images\firstCut_noZevel\hebrew_to_english\L\L4.jpg,L,[5],ל,1.0,5,L,0.065497324,0.018321112,0.07927256,0.13238741,0.10339645,0.2319329,0.07853539,0.12326634,0.0031655682,0.030152474,0.049426686,0.06706118,0.017584689
122,53,C:\Users\40gil\Desktop\final_project\tensor_training\processed_images\firstCut_noZevel\hebrew_to_english\C\C10.jpg,C,[1],כ,1.0,2,D,0.021652078,0.30479172,0.48149925,0.022911847,0.002976262,0.12194533,0.007248593,0.0026926936,0.0065047047,0.00016145862,0.00019698981,0.021064911,0.0063541904
123,213,C:\Users\40gil\Desktop\final_project\tensor_training\processed_images\firstCut_noZevel\hebrew_to_english\L\L8.jpg,L,[5],ל,1.0,5,L,0.0039101453,0.013946501,0.07836427,0.024152203,0.21034917,0.46991608,0.0016717784,0.08521168,0.0050765425,0.02898956,0.01119987,0.04007256,0.027139602
124,124,C:\Users\40gil\Desktop\final_project\tensor_training\processed_images\firstCut_noZevel\hebrew_to_english\D\D8.jpeg,D,[2],ו,1.0,2,D,0.013326615,0.00042758713,0.30734497,0.066696756,0.13433044,0.009298724,0.01248354,0.22698075,0.037980676,0.00988216,0.0064157816,0.16847886,0.0063532004
125,196,C:\Users\40gil\Desktop\final_project\tensor_training\processed_images\firstCut_noZevel\hebrew_to_english\L\L18.jpg,L,[5],ל,1.0,3,F,0.0087730205,0.004590301,0.12448758,0.43644112,0.0323003,0.18914817,0.002159813,0.029445352,0.00036745841,0.010679466,0.002397714,0.15788579,0.0013239969
126,71,C:\Users\40gil\Desktop\final_project\tensor_training\processed_images\firstCut_noZevel\hebrew_to_english\C\C31.jpeg,C,[1],כ,1.0,1,C,0.009574997,0.4100344,0.14272399,0.028177332,0.0029367032,0.34303123,0.0034307616,0.02266893,0.002331609,0.004804525,0.00235865,0.017718332,0.01020859
127,374,C:\Users\40gil\Desktop\final_project\tensor_training\processed_images\firstCut_noZevel\hebrew_to_english\W\W2.jpeg,W,[11],ש,1.0,11,W,0.017129088,0.00027682396,0.07399597,0.0089620175,0.037946686,0.013078358,0.001287478,0.0009744111,0.004308019,0.0001676088,0.0007445257,0.8402084,0.0009206268
128,357,C:\Users\40gil\Desktop\final_project\tensor_training\processed_images\firstCut_noZevel\hebrew_to_english\T\T7.jpg,T,[10],ת,1.0,10,T,0.012588329,0.00018043372,0.11084715,0.03172051,0.15773149,0.0006687031,0.18666396,0.122112244,0.00066655676,0.046051394,0.18902975,0.14056839,0.0011711653
129,110,C:\Users\40gil\Desktop\final_project\tensor_training\processed_images\firstCut_noZevel\hebrew_to_english\D\D20.jpg,D,[2],ו,1.0,2,D,0.012973651,0.00083010463,0.38694954,0.024024043,0.37254402,0.023459332,0.000423208,0.024269603,0.033662852,0.0054725837,0.007195953,0.09697503,0.011220096
130,305,C:\Users\40gil\Desktop\final_project\tensor_training\processed_images\firstCut_noZevel\hebrew_to_english\R\R8.jpg,R,[8],ר,1.0,2,D,0.025853775,0.010015286,0.44296682,0.27262995,0.02212878,0.018468216,0.004453027,0.026439968,0.02614633,0.0003338678,0.00081889954,0.1456961,0.004048998
131,382,C:\Users\40gil\Desktop\final_project\tensor_training\processed_images\firstCut_noZevel\hebrew_to_english\W\W3.jpg,W,[11],ש,1.0,2,D,0.10873456,0.0023123748,0.31170282,0.16393934,0.081457034,0.04603925,0.013619034,0.0042827674,0.017454226,0.0009181945,0.0018318827,0.24709523,0.0006133243
132,182,C:\Users\40gil\Desktop\final_project\tensor_training\processed_images\firstCut_noZevel\hebrew_to_english\I\I9.jpg,I,[4],י,1.0,4,I,0.0057139467,5.4061944e-05,0.14712039,0.0019019473,0.67832935,0.0036706245,0.0021830732,0.017827755,0.06264894,0.021863455,0.03032291,0.0070697158,0.021293873
133,189,C:\Users\40gil\Desktop\final_project\tensor_training\processed_images\firstCut_noZevel\hebrew_to_english\L\L13.jpeg,L,[5],ל,1.0,11,W,0.019445693,0.0008032277,0.0399278,0.09058221,0.034901384,0.11157032,0.0020898008,0.010654264,0.00037622996,0.00076665357,0.031485688,0.6554307,0.001966184
134,58,C:\Users\40gil\Desktop\final_project\tensor_training\processed_images\firstCut_noZevel\hebrew_to_english\C\C16.jpg,C,[1],כ,1.0,1,C,0.0015281449,0.4521709,0.20279443,0.20228271,0.034945726,0.045766354,0.0004962272,0.0051088617,0.0031944166,0.0045841066,0.0042780824,0.0040991935,0.038750824
135,340,C:\Users\40gil\Desktop\final_project\tensor_training\processed_images\firstCut_noZevel\hebrew_to_english\T\T15.jpg,T,[10],ת,1.0,7,N,0.02575364,9.656257e-05,0.0027462966,0.024580766,0.05323294,0.00067461084,0.069636665,0.5892875,0.0003891789,0.19446209,0.03213527,0.0033170776,0.0036874136
136,377,C:\Users\40gil\Desktop\final_project\tensor_training\processed_images\firstCut_noZevel\hebrew_to_english\W\W21.jpg,W,[11],ש,1.0,4,I,0.05552372,0.0017095084,0.17163642,0.07605818,0.34759682,0.008242214,0.0008988434,0.0028219617,0.0035996982,0.0017044684,0.003443088,0.32513627,0.0016287636
137,111,C:\Users\40gil\Desktop\final_project\tensor_training\processed_images\firstCut_noZevel\hebrew_to_english\D\D21.jpg,D,[2],ו,1.0,4,I,0.04141147,0.0005980648,0.2761453,0.05474834,0.32128835,0.008891641,0.0008100434,0.041046962,0.07513649,0.0062506148,0.0063487045,0.15796188,0.009362149
138,345,C:\Users\40gil\Desktop\final_project\tensor_training\processed_images\firstCut_noZevel\hebrew_to_english\T\T20.jpg,T,[10],ת,1.0,10,T,0.013178002,6.9227176e-06,0.14613372,0.07940181,0.10881975,0.0067228596,0.0071867206,0.05913936,0.00024028702,0.06890261,0.44596905,0.03677467,0.027524233
139,131,C:\Users\40gil\Desktop\final_project\tensor_training\processed_images\firstCut_noZevel\hebrew_to_english\F\F12.jpg,F,[3],ט,1.0,11,W,0.026122771,8.8987974e-05,0.03428614,0.11294116,0.08518269,0.13270964,0.0009189953,0.0015467509,0.00053470646,0.0041983305,0.028096788,0.5707029,0.0026701258
140,195,C:\Users\40gil\Desktop\final_project\tensor_training\processed_images\firstCut_noZevel\hebrew_to_english\L\L17.jpg,L,[5],ל,1.0,3,F,0.009176581,0.0064827115,0.11302337,0.48509187,0.02295562,0.09253398,0.0028497148,0.034915708,0.00051263254,0.025622834,0.0033297613,0.19651182,0.006993481
141,328,C:\Users\40gil\Desktop\final_project\tensor_training\processed_images\firstCut_noZevel\hebrew_to_english\S\S5.jpeg,S,[9],ס,1.0,4,I,0.11472786,0.00022440076,0.01710814,0.12581497,0.3128646,0.0023192985,0.020397637,0.062425494,0.008157297,0.17245463,0.13386264,0.021719387,0.007923628
142,188,C:\Users\40gil\Desktop\final_project\tensor_training\processed_images\firstCut_noZevel\hebrew_to_english\L\L12.jpg,L,[5],ל,1.0,5,L,0.00023622303,0.0047788364,0.0037815876,0.0029132746,0.014153555,0.96223974,1.4169164e-05,0.0016893018,0.00013195514,0.007340467,0.00030802446,0.0005108949,0.0019018443
143,235,C:\Users\40gil\Desktop\final_project\tensor_training\processed_images\firstCut_noZevel\hebrew_to_english\M\M25.jpg,M,[6],מ,1.0,6,M,0.028013863,0.00012771931,0.006553969,0.0049866172,0.08270939,2.2692913e-05,0.5897737,0.18524462,7.303236e-05,0.06811763,0.013936484,0.018102432,0.0023378525
144,416,C:\Users\40gil\Desktop\final_project\tensor_training\processed_images\firstCut_noZevel\hebrew_to_english\Z\Z6.jpeg,Z,[12],ז,1.0,2,D,0.016427616,0.004834681,0.63531446,0.032820515,0.04466838,0.019776467,0.017888697,0.052115932,0.03496358,0.0046629286,0.0018784149,0.05433203,0.08031623
145,4,C:\Users\40gil\Desktop\final_project\tensor_training\processed_images\firstCut_noZevel\asl_alphabet_test\I_test.jpg,I,[4],י,,4,I,0.0066886367,0.00016119213,0.024805956,0.00490348,0.7883083,0.0006963334,0.00044089148,0.00073914125,0.024317287,0.058064047,0.0016046335,0.0021101243,0.087160006
146,253,C:\Users\40gil\Desktop\final_project\tensor_training\processed_images\firstCut_noZevel\hebrew_to_english\N\N15.jpeg,N,[7],נ,1.0,6,M,0.050443143,1.0437691e-05,0.034510855,0.0019766036,0.14056282,0.00010345848,0.4532466,0.04296167,9.508817e-05,0.1150711,0.1435107,0.013934331,0.0035730877
147,173,C:\Users\40gil\Desktop\final_project\tensor_training\processed_images\firstCut_noZevel\hebrew_to_english\I\I3.jpg,I,[4],י,1.0,11,W,0.2056177,0.00023076616,0.014093339,0.04798849,0.10789131,0.00096826936,0.035730623,0.010111663,0.0034386483,0.0025071695,0.0334752,0.53679466,0.0011521304
148,108,C:\Users\40gil\Desktop\final_project\tensor_training\processed_images\firstCut_noZevel\hebrew_to_english\D\D2.jpeg,D,[2],ו,1.0,4,I,0.048533626,0.0009455245,0.008427641,0.007537379,0.37753952,0.0024826939,0.09677646,0.088974185,0.0030296196,0.34586832,0.009719678,0.0020120947,0.0081532635
149,336,C:\Users\40gil\Desktop\final_project\tensor_training\processed_images\firstCut_noZevel\hebrew_to_english\T\T11.jpg,T,[10],ת,1.0,10,T,0.07944192,0.0003791629,0.017397698,0.013896875,0.24116883,0.0020461348,0.21885018,0.041369718,0.001487759,0.07490092,0.27905646,0.021777103,0.008227213
150,177,C:\Users\40gil\Desktop\final_project\tensor_training\processed_images\firstCut_noZevel\hebrew_to_english\I\I6.jpeg,I,[4],י,1.0,4,I,0.008511211,0.00020125216,0.015144555,0.043489438,0.48349327,0.0070976648,0.0136362165,0.07182247,0.0004107886,0.20056228,0.10712118,0.0058511277,0.042658556
151,299,C:\Users\40gil\Desktop\final_project\tensor_training\processed_images\firstCut_noZevel\hebrew_to_english\R\R5.jpg,R,[8],ר,1.0,4,I,0.032971397,0.003319356,0.19965816,0.014206505,0.47007534,0.1315354,0.017813515,0.04411998,0.04442824,0.009312127,0.023947105,0.006413759,0.0021991786
152,163,C:\Users\40gil\Desktop\final_project\tensor_training\processed_images\firstCut_noZevel\hebrew_to_english\I\I13.jpg,I,[4],י,1.0,4,I,0.016701445,0.00045955658,0.038886465,0.12625432,0.36292416,0.025807895,0.01085,0.01076445,0.004287235,0.20934775,0.10985033,0.029945476,0.05392091
153,209,C:\Users\40gil\Desktop\final_project\tensor_training\processed_images\firstCut_noZevel\hebrew_to_english\L\L6.jpeg,L,[5],ל,1.0,5,L,0.00085166766,0.0005312466,0.007295796,0.0052654645,0.02293239,0.9488757,0.0003337277,0.0011976891,0.0022864088,0.00080704864,0.0035175094,0.0031663068,0.0029388533
154,326,C:\Users\40gil\Desktop\final_project\tensor_training\processed_images\firstCut_noZevel\hebrew_to_english\S\S4.jpeg,S,[9],ס,1.0,7,N,0.05870833,0.0019067773,0.08627741,0.06414125,0.18236642,0.00035969153,0.06909682,0.30880532,0.0026345942,0.18852693,0.0073398906,0.018899525,0.010937041
155,252,C:\Users\40gil\Desktop\final_project\tensor_training\processed_images\firstCut_noZevel\hebrew_to_english\N\N14.jpeg,N,[7],נ,1.0,3,F,0.073036395,0.0004561707,0.027834192,0.37558666,0.29374105,9.896418e-05,0.008366992,0.0072786636,0.010910534,0.019079585,0.00447052,0.17017126,0.008969037
156,409,C:\Users\40gil\Desktop\final_project\tensor_training\processed_images\firstCut_noZevel\hebrew_to_english\Z\Z23.jpg,Z,[12],ז,1.0,7,N,0.0020079098,0.0022527138,0.15438236,0.0018790435,0.08811092,0.005365381,0.025645405,0.47925624,0.0040268092,0.09185973,0.025922347,0.0030745815,0.11621662
157,146,C:\Users\40gil\Desktop\final_project\tensor_training\processed_images\firstCut_noZevel\hebrew_to_english\F\F4.jpeg,F,[3],ט,1.0,5,L,0.0005327785,0.00021667912,0.036849152,0.014732308,0.38371634,0.47740406,0.00020450841,0.0018661156,0.010853199,0.0004257158,0.0012129631,0.06535566,0.006630457
158,273,C:\Users\40gil\Desktop\final_project\tensor_training\processed_images\firstCut_noZevel\hebrew_to_english\N\N9.jpg,N,[7],נ,1.0,4,I,0.02341163,0.00012833696,0.008183414,0.007011878,0.8349056,0.00037363774,0.019604145,0.019213544,0.003046412,0.040406484,0.033327673,0.005608197,0.0047790157
159,349,C:\Users\40gil\Desktop\final_project\tensor_training\processed_images\firstCut_noZevel\hebrew_to_english\T\T3.jpeg,T,[10],ת,1.0,6,M,0.014296212,0.00015345716,0.0039738654,0.027190423,0.072211854,0.0025208541,0.55296713,0.028902562,0.00022327437,0.0023516905,0.0535215,0.23886603,0.0028211758
160,25,C:\Users\40gil\Desktop\final_project\tensor_training\processed_images\firstCut_noZevel\hebrew_to_english\B\B18.jpeg,B,[0],ב,1.0,11,W,0.38366988,5.1991952e-05,0.003366233,0.044212867,0.0032726403,0.0001556701,0.007698205,0.0020732381,4.745031e-05,0.00085341156,0.010101568,0.5444378,5.8968562e-05
161,280,C:\Users\40gil\Desktop\final_project\tensor_training\processed_images\firstCut_noZevel\hebrew_to_english\R\R12.jpg,R,[8],ר,1.0,2,D,0.015890572,0.011202125,0.4433709,0.05973542,0.021386575,0.014550888,0.0027876678,0.049212404,0.047014087,0.0043742177,0.0019894121,0.32207975,0.0064059906
162,363,C:\Users\40gil\Desktop\final_project\tensor_training\processed_images\firstCut_noZevel\hebrew_to_english\W\W11.jpeg,W,[11],ש,1.0,11,W,0.19247021,0.00069921045,0.047606386,0.29808873,0.022153234,0.0015929635,0.048988994,0.0053124945,0.0013634216,0.000500483,0.0019284623,0.37895045,0.00034491112
163,40,C:\Users\40gil\Desktop\final_project\tensor_training\processed_images\firstCut_noZevel\hebrew_to_english\B\B30.jpg,B,[0],ב,1.0,11,W,0.0076277973,1.2339107e-05,0.009924131,0.012271525,0.3133569,0.036416832,0.00017912344,0.0016830326,0.0012394185,0.00017706986,0.00040758683,0.6155855,0.0011188044
164,68,C:\Users\40gil\Desktop\final_project\tensor_training\processed_images\firstCut_noZevel\hebrew_to_english\C\C29.jpg,C,[1],כ,1.0,1,C,0.008957946,0.7304701,0.120178685,0.0134899225,0.0030709128,0.03400914,0.004327599,0.07018258,0.0018754505,0.0024715785,0.000832735,0.00061037514,0.009522961
165,248,C:\Users\40gil\Desktop\final_project\tensor_training\processed_images\firstCut_noZevel\hebrew_to_english\N\N1.jpg,N,[7],נ,1.0,11,W,0.02645835,0.00075854425,0.029969672,0.1734241,0.054677516,0.010794156,0.082387336,0.04622672,1.4578645e-05,0.012118608,0.124600224,0.43677735,0.0017927792
166,216,C:\Users\40gil\Desktop\final_project\tensor_training\processed_images\firstCut_noZevel\hebrew_to_english\M\M1.jpeg,M,[6],מ,1.0,4,I,0.081606954,0.00041390906,0.020664703,0.10276914,0.32412755,0.0038026178,0.066096306,0.014294931,0.0009804461,0.048040677,0.12763014,0.18001014,0.029562466
167,201,C:\Users\40gil\Desktop\final_project\tensor_training\processed_images\firstCut_noZevel\hebrew_to_english\L\L21.jpg,L,[5],ל,1.0,5,L,0.01695053,0.00044359747,0.046989538,0.0028085408,0.31315872,0.45630226,0.029118113,0.016183212,0.00021665508,0.0049162535,0.030270793,0.07922068,0.003421097
168,132,C:\Users\40gil\Desktop\final_project\tensor_training\processed_images\firstCut_noZevel\hebrew_to_english\F\F13.jpg,F,[3],ט,1.0,4,I,0.08803682,0.0005038585,0.26360336,0.09882493,0.32534483,0.06246038,0.0024130065,0.0046369703,0.00259319,0.0051446985,0.026305092,0.10211047,0.018022455
169,5,C:\Users\40gil\Desktop\final_project\tensor_training\processed_images\firstCut_noZevel\asl_alphabet_test\L_test.jpg,L,[5],ל,,5,L,5.134706e-05,0.0009796277,0.0030169594,0.0005189854,0.0011828569,0.99200565,2.3766922e-06,1.2299165e-05,0.00014102751,1.259856e-06,0.0009510333,0.00043927968,0.0006973357
170,153,C:\Users\40gil\Desktop\final_project\tensor_training\processed_images\firstCut_noZevel\hebrew_to_english\F\F8.jpeg,F,[3],ט,1.0,11,W,0.01652756,9.002569e-05,0.0038761576,0.2013608,0.013809767,0.016136369,0.0004492825,0.0005858849,3.110012e-05,0.00016445295,0.0022705083,0.7443419,0.00035620318
171,193,C:\Users\40gil\Desktop\final_project\tensor_training\processed_images\firstCut_noZevel\hebrew_to_english\L\L16.jpg,L,[5],ל,1.0,2,D,8.45035e-05,0.00046054355,0.4209942,0.0022170823,0.21090081,0.22816397,0.0013071003,0.027333932,0.0034021416,0.012465107,0.0006683771,0.016865144,0.075137086
172,119,C:\Users\40gil\Desktop\final_project\tensor_training\processed_images\firstCut_noZevel\hebrew_to_english\D\D4.jpeg,D,[2],ו,1.0,4,I,0.02997754,0.0038086316,0.17886999,0.0077977506,0.23064384,0.13647132,0.012495217,0.020050913,0.02795001,0.024290517,0.14526841,0.012734354,0.16964148
173,74,C:\Users\40gil\Desktop\final_project\tensor_training\processed_images\firstCut_noZevel\hebrew_to_english\C\C37.jpeg,C,[1],כ,1.0,3,F,0.0051198364,0.03056485,0.32856742,0.55937517,0.011044717,0.014359408,0.0014793115,0.009104414,0.007831533,0.0027346043,0.004002522,0.018344244,0.0074720327
174,22,C:\Users\40gil\Desktop\final_project\tensor_training\processed_images\firstCut_noZevel\hebrew_to_english\B\B16.jpeg,B,[0],ב,1.0,11,W,0.2109694,0.0011690932,0.22454806,0.03199376,0.06162181,0.0048821536,0.0039656553,0.010693454,0.00090481195,0.0030419584,0.0075411387,0.4383101,0.00035862552
175,19,C:\Users\40gil\Desktop\final_project\tensor_training\processed_images\firstCut_noZevel\hebrew_to_english\B\B13.jpg,B,[0],ב,1.0,11,W,0.0076957233,0.0044506756,0.033441722,0.114497736,0.12628223,0.14583203,0.0019990331,0.0064030006,0.0030672823,0.0010748138,0.0014571229,0.5526434,0.0011551474
176,306,C:\Users\40gil\Desktop\final_project\tensor_training\processed_images\firstCut_noZevel\hebrew_to_english\R\R9.jpeg,R,[8],ר,1.0,2,D,0.0040157344,0.0005238422,0.48978686,0.051533632,0.32221302,0.007810125,7.922414e-05,0.009369404,0.004493139,0.009336573,0.00789829,0.04504099,0.04789913
177,115,C:\Users\40gil\Desktop\final_project\tensor_training\processed_images\firstCut_noZevel\hebrew_to_english\D\D25.jpg,D,[2],ו,1.0,2,D,0.019120153,0.0007321979,0.5358078,0.016317613,0.30459067,0.011844691,0.0009779249,0.012096908,0.0027846599,0.0023685934,0.0006810375,0.0813084,0.011369364
178,324,C:\Users\40gil\Desktop\final_project\tensor_training\processed_images\firstCut_noZevel\hebrew_to_english\S\S3.jpeg,S,[9],ס,1.0,4,I,0.008405823,2.776176e-05,0.020857694,0.040301625,0.670995,0.00022252987,0.0067184116,0.0399507,0.0014330107,0.13272631,0.03477029,0.0033863094,0.04020455
179,31,C:\Users\40gil\Desktop\final_project\tensor_training\processed_images\firstCut_noZevel\hebrew_to_english\B\B23.jpg,B,[0],ב,1.0,11,W,0.010267999,0.00032860978,0.0067010894,0.16269514,0.19333188,0.034753274,3.4605237e-05,0.00037505588,0.00017600978,0.00038169185,0.0016329462,0.5815584,0.00776332
180,234,C:\Users\40gil\Desktop\final_project\tensor_training\processed_images\firstCut_noZevel\hebrew_to_english\M\M24.jpg,M,[6],מ,1.0,7,N,0.0038355514,0.00029541907,0.21562281,0.032681268,0.22518903,0.00080480793,0.025139472,0.42708334,0.0056422763,0.020436013,0.027651295,0.0048895655,0.010729208
181,105,C:\Users\40gil\Desktop\final_project\tensor_training\processed_images\firstCut_noZevel\hebrew_to_english\D\D18.jpeg,D,[2],ו,1.0,2,D,0.2637729,0.0016405088,0.3282725,0.07651988,0.121691614,0.003557008,0.0037894319,0.015849879,0.010291601,0.014687568,0.009886558,0.13420784,0.015832828
182,375,C:\Users\40gil\Desktop\final_project\tensor_training\processed_images\firstCut_noZevel\hebrew_to_english\W\W2.jpg,W,[11],ש,1.0,11,W,0.004812359,0.0006841333,0.31821117,0.017630057,0.0316578,0.052527323,0.00020372303,0.0016336784,0.006377037,0.000441561,0.0009576668,0.5638446,0.0010188853
183,366,C:\Users\40gil\Desktop\final_project\tensor_training\processed_images\firstCut_noZevel\hebrew_to_english\W\W13.jpeg,W,[11],ש,1.0,11,W,0.095771976,0.00011180074,0.01760142,0.06795959,0.065316305,0.001926754,5.0465063e-05,0.0007335278,0.0014862781,0.00015461554,0.0006556972,0.74764276,0.00058877416
184,330,C:\Users\40gil\Desktop\final_project\tensor_training\processed_images\firstCut_noZevel\hebrew_to_english\S\S7.jpeg,S,[9],ס,1.0,7,N,0.009659401,0.00071628124,0.033215776,0.031848386,0.2671482,0.0019357355,0.09177991,0.2829742,0.0029954764,0.20283818,0.053756036,0.013056657,0.008075751
185,183,C:\Users\40gil\Desktop\final_project\tensor_training\processed_images\firstCut_noZevel\hebrew_to_english\L\L1.jpeg,L,[5],ל,1.0,3,F,0.014902853,0.091525234,0.09106851,0.28599915,0.24838279,0.07443689,0.01282068,0.021381253,0.005578593,0.043538637,0.0032583757,0.08515013,0.0219569
186,194,C:\Users\40gil\Desktop\final_project\tensor_training\processed_images\firstCut_noZevel\hebrew_to_english\L\L17.jpeg,L,[5],ל,1.0,5,L,0.011826056,0.0027554433,0.0526559,0.0155909825,0.39178437,0.44929168,0.00029871645,0.004332258,0.0053374297,0.0028133856,0.01117086,0.017850414,0.034292456
187,169,C:\Users\40gil\Desktop\final_project\tensor_training\processed_images\firstCut_noZevel\hebrew_to_english\I\I2.jpeg,I,[4],י,1.0,4,I,0.0029386515,0.00031163718,0.035174754,0.0009479481,0.8237594,0.0034524896,0.00048700653,0.02739241,0.0019815129,0.053390577,0.0044327714,0.0077873347,0.037943475
188,79,C:\Users\40gil\Desktop\final_project\tensor_training\processed_images\firstCut_noZevel\hebrew_to_english\C\C41.jpeg,C,[1],כ,1.0,1,C,0.0009339612,0.8402374,0.022792941,0.014414582,0.00035651994,0.102881804,0.0024650372,0.005080434,0.00014347503,0.0015778268,0.00755514,7.27701e-05,0.0014881131
189,203,C:\Users\40gil\Desktop\final_project\tensor_training\processed_images\firstCut_noZevel\hebrew_to_english\L\L3.jpeg,L,[5],ל,1.0,2,D,0.060767137,0.032056067,0.55143946,0.15793967,0.0049728258,0.03603731,0.01780398,0.0267488,0.0017299334,0.0055900374,0.056361705,0.0016334116,0.04691968
190,303,C:\Users\40gil\Desktop\final_project\tensor_training\processed_images\firstCut_noZevel\hebrew_to_english\R\R7.jpg,R,[8],ר,1.0,2,D,0.14889666,0.011572421,0.3493134,0.037489682,0.20743904,0.045812972,0.015601058,0.027388543,0.0826027,0.0144834425,0.020073816,0.030053718,0.009272608
191,90,C:\Users\40gil\Desktop\final_project\tensor_training\processed_images\firstCut_noZevel\hebrew_to_english\D\D1.jpg,D,[2],ו,1.0,2,D,0.005344031,0.00072928704,0.4889832,0.21030019,0.019615471,0.008476603,0.0030444858,0.04759309,0.08860584,0.008530405,0.006317382,0.09798436,0.014475674
192,208,C:\Users\40gil\Desktop\final_project\tensor_training\processed_images\firstCut_noZevel\hebrew_to_english\L\L5.jpg,L,[5],ל,1.0,4,I,0.06552498,0.0087633515,0.10953101,0.066770315,0.40019315,0.16643757,0.02676254,0.033551946,0.012345817,0.03403814,0.030814858,0.024545902,0.020720435
193,72,C:\Users\40gil\Desktop\final_project\tensor_training\processed_images\firstCut_noZevel\hebrew_to_english\C\C32.jpeg,C,[1],כ,1.0,1,C,0.0010783161,0.7348385,0.06536426,0.11986805,0.00047950624,0.029831847,0.00063314626,0.0063148765,8.133834e-05,0.00063215254,0.00039882425,0.038369957,0.0021093134
194,47,C:\Users\40gil\Desktop\final_project\tensor_training\processed_images\firstCut_noZevel\hebrew_to_english\B\B7.jpeg,B,[0],ב,1.0,0,B,0.8328308,1.1280578e-05,0.0008458326,0.0076511805,0.007235179,0.00073444395,0.0026118208,0.00011605097,9.9294615e-05,0.0007238454,0.004106587,0.14298399,4.9744343e-05
195,249,C:\Users\40gil\Desktop\final_project\tensor_training\processed_images\firstCut_noZevel\hebrew_to_english\N\N10.jpg,N,[7],נ,1.0,10,T,0.015782127,3.32136e-05,0.01942845,0.011125021,0.085696824,0.0033506916,0.0044929325,0.012979971,0.0006337368,0.034195036,0.6322943,0.01807387,0.16191387
196,30,C:\Users\40gil\Desktop\final_project\tensor_training\processed_images\firstCut_noZevel\hebrew_to_english\B\B21.jpeg,B,[0],ב,1.0,0,B,0.50496894,0.00022940856,0.010375663,0.06350975,0.044490546,0.0006307331,0.0017727176,0.0015789343,0.0008093824,0.0019874487,0.011695014,0.35731015,0.0006413048
197,125,C:\Users\40gil\Desktop\final_project\tensor_training\processed_images\firstCut_noZevel\hebrew_to_english\D\D9.jpeg,D,[2],ו,1.0,2,D,0.038622107,0.002447505,0.32452977,0.055877082,0.164574,0.0028856099,0.009174457,0.15562393,0.12806994,0.023802068,0.007984383,0.04451006,0.041899137
198,358,C:\Users\40gil\Desktop\final_project\tensor_training\processed_images\firstCut_noZevel\hebrew_to_english\T\T8.jpeg,T,[10],ת,1.0,4,I,0.03767512,0.005058016,0.06734916,0.22444822,0.3097301,0.025092626,0.0726041,0.03625995,0.049363077,0.007777738,0.026999492,0.13076702,0.00687538
199,321,C:\Users\40gil\Desktop\final_project\tensor_training\processed_images\firstCut_noZevel\hebrew_to_english\S\S21.jpg,S,[9],ס,1.0,4,I,0.091782376,0.0010678302,0.09324239,0.06976291,0.49877384,0.0069156876,0.002794798,0.0817674,0.0013897857,0.099903904,0.0077049523,0.037952837,0.006941322
200,138,C:\Users\40gil\Desktop\final_project\tensor_training\processed_images\firstCut_noZevel\hebrew_to_english\F\F2.jpeg,F,[3],ט,1.0,11,W,0.14356221,0.0011394684,0.07794627,0.042138766,0.059871703,0.0039623515,0.007264315,0.010401782,0.009983847,0.0050709806,0.0063639716,0.63011104,0.0021833198
201,28,C:\Users\40gil\Desktop\final_project\tensor_training\processed_images\firstCut_noZevel\hebrew_to_english\B\B2.jpg,B,[0],ב,1.0,11,W,0.02457332,0.002143599,0.049882617,0.070918515,0.05040822,0.007920799,0.002410735,0.0151354205,0.0046926476,0.0060631796,0.016170217,0.7481597,0.0015209963
202,368,C:\Users\40gil\Desktop\final_project\tensor_training\processed_images\firstCut_noZevel\hebrew_to_english\W\W15.jpeg,W,[11],ש,1.0,11,W,0.03223628,0.00023435999,0.056968916,0.06655099,0.028724281,0.105724156,0.00013243259,0.0010647695,0.002019096,5.0151444e-05,0.0009797416,0.70498353,0.0003312601
203,241,C:\Users\40gil\Desktop\final_project\tensor_training\processed_images\firstCut_noZevel\hebrew_to_english\M\M6.jpeg,M,[6],מ,1.0,10,T,0.022535633,0.0003486823,0.03628211,0.05553498,0.12683392,0.0010820929,0.12825635,0.09951561,0.00034898004,0.031595163,0.42413336,0.0545053,0.019027889
204,157,C:\Users\40gil\Desktop\final_project\tensor_training\processed_images\firstCut_noZevel\hebrew_to_english\I\I1.jpeg,I,[4],י,1.0,8,R,0.030138273,0.0068807714,0.07709601,0.030304097,0.26650536,0.011665259,0.0077217976,0.025339132,0.4656327,0.00799134,0.0025222388,0.05805125,0.010151779
205,361,C:\Users\40gil\Desktop\final_project\tensor_training\processed_images\firstCut_noZevel\hebrew_to_english\W\W1.jpeg,W,[11],ש,1.0,2,D,0.05987956,0.0049024355,0.27921477,0.01106307,0.21371192,0.045126993,0.00271103,0.0025761845,0.21676797,0.0010718907,0.0037995663,0.14831117,0.010863453
206,331,C:\Users\40gil\Desktop\final_project\tensor_training\processed_images\firstCut_noZevel\hebrew_to_english\S\S8.jpeg,S,[9],ס,1.0,9,S,0.025482984,9.111498e-05,0.1841813,0.006858327,0.20697382,0.004518824,0.004372385,0.057597782,0.000111935005,0.2601499,0.14945002,0.053203188,0.047008425
207,39,C:\Users\40gil\Desktop\final_project\tensor_training\processed_images\firstCut_noZevel\hebrew_to_english\B\B3.jpg,B,[0],ב,1.0,4,I,0.104029655,0.0029325048,0.06169716,0.1782986,0.30295524,0.0032662116,0.022760035,0.025660936,0.0010604549,0.0042420784,0.016108979,0.27656922,0.00041891454
208,297,C:\Users\40gil\Desktop\final_project\tensor_training\processed_images\firstCut_noZevel\hebrew_to_english\R\R4.jpg,R,[8],ר,1.0,4,I,0.008405988,0.011379115,0.2477231,0.08238663,0.3304587,0.08486942,0.011528705,0.13395087,0.040235277,0.02901058,0.007830588,0.0068275603,0.005393445
209,311,C:\Users\40gil\Desktop\final_project\tensor_training\processed_images\firstCut_noZevel\hebrew_to_english\S\S11.jpeg,S,[9],ס,1.0,2,D,0.030631708,0.002465908,0.4511466,0.031735145,0.12737885,0.023061818,0.0035320949,0.027809793,0.0070861257,0.01126801,0.026360653,0.24574599,0.01177733
210,417,C:\Users\40gil\Desktop\final_project\tensor_training\processed_images\firstCut_noZevel\hebrew_to_english\Z\Z6.jpg,Z,[12],ז,1.0,4,I,0.097318135,0.018021923,0.14360884,0.036560014,0.21160522,0.14950307,0.05028494,0.055376373,0.005584391,0.020771189,0.009182979,0.036737535,0.16544534
211,402,C:\Users\40gil\Desktop\final_project\tensor_training\processed_images\firstCut_noZevel\hebrew_to_english\Z\Z17.jpg,Z,[12],ז,1.0,2,D,0.0046825535,0.0020715469,0.40791124,0.007910371,0.1189394,0.091323994,0.0025023897,0.0855709,0.016991079,0.07258395,0.040602032,0.030625056,0.11828555
212,73,C:\Users\40gil\Desktop\final_project\tensor_training\processed_images\firstCut_noZevel\hebrew_to_english\C\C35.jpeg,C,[1],כ,1.0,1,C,0.0001801967,0.7746559,0.040828723,0.0016317287,0.022209644,0.008712843,0.0005483232,0.020321015,0.0010335734,0.022882704,0.0011068069,2.2988052e-05,0.10586558
213,264,C:\Users\40gil\Desktop\final_project\tensor_training\processed_images\firstCut_noZevel\hebrew_to_english\N\N4.jpg,N,[7],נ,1.0,4,I,0.012236905,0.0013844545,0.033297174,0.02518544,0.3794866,0.007320608,0.18591967,0.2090683,0.0012232144,0.041247852,0.091207385,0.01137987,0.001042477
214,130,C:\Users\40gil\Desktop\final_project\tensor_training\processed_images\firstCut_noZevel\hebrew_to_english\F\F11.jpg,F,[3],ט,1.0,3,F,0.026378792,0.0003753913,0.0296877,0.33258256,0.24067296,0.053624947,0.00068270374,0.0021874327,0.013596372,0.0031589868,0.011698384,0.2774138,0.007939956
215,136,C:\Users\40gil\Desktop\final_project\tensor_training\processed_images\firstCut_noZevel\hebrew_to_english\F\F18.jpg,F,[3],ט,1.0,11,W,0.10594316,4.3662185e-05,0.08910009,0.027534656,0.13665089,0.00383995,0.00022522305,0.0026457882,0.00040702894,0.0011557016,0.0048208293,0.6245058,0.0031271914
216,247,C:\Users\40gil\Desktop\final_project\tensor_training\processed_images\firstCut_noZevel\hebrew_to_english\M\M9.jpeg,M,[6],מ,1.0,4,I,0.031978264,0.007838971,0.031886317,0.04818418,0.33680457,0.004976813,0.119365826,0.13260837,0.015103454,0.10975588,0.07634826,0.06409574,0.021053307
217,262,C:\Users\40gil\Desktop\final_project\tensor_training\processed_images\firstCut_noZevel\hebrew_to_english\N\N3.jpeg,N,[7],נ,1.0,6,M,0.11049419,0.0009742609,0.0922624,0.03733108,0.16595924,0.0040203272,0.22217989,0.18800853,0.004495439,0.09454677,0.059160344,0.013090462,0.007477093
218,36,C:\Users\40gil\Desktop\final_project\tensor_training\processed_images\firstCut_noZevel\hebrew_to_english\B\B28.jpg,B,[0],ב,1.0,11,W,0.25027987,9.685135e-05,0.014556669,0.012226426,0.096944414,0.01063882,0.020725176,0.0025533985,0.0008923832,0.002221895,0.052433524,0.5361806,0.0002499421
219,27,C:\Users\40gil\Desktop\final_project\tensor_training\processed_images\firstCut_noZevel\hebrew_to_english\B\B2.jpeg,B,[0],ב,1.0,0,B,0.593154,1.1553027e-05,0.0034064602,0.0073949704,0.0039449055,0.00017780022,0.007315609,0.00068724365,6.302841e-05,0.00011923562,0.0009711772,0.3827244,2.9596682e-05
220,32,C:\Users\40gil\Desktop\final_project\tensor_training\processed_images\firstCut_noZevel\hebrew_to_english\B\B24.jpg,B,[0],ב,1.0,0,B,0.6313976,0.0002829621,0.012507212,0.040246796,0.24340422,0.0018989623,0.002858135,0.009535092,0.00050259056,0.017598806,0.008697413,0.01937809,0.01169213
221,144,C:\Users\40gil\Desktop\final_project\tensor_training\processed_images\firstCut_noZevel\hebrew_to_english\F\F3.jpeg,F,[3],ט,1.0,4,I,0.014591865,0.00061872683,0.019926606,0.16623181,0.46626142,0.08088791,0.00010807929,0.00010998669,0.023174725,0.0015574719,0.013832797,0.20734093,0.0053576585
222,260,C:\Users\40gil\Desktop\final_project\tensor_training\processed_images\firstCut_noZevel\hebrew_to_english\N\N23.jpg,N,[7],נ,1.0,4,I,0.11296614,0.0010764949,0.06789155,0.067075975,0.26902598,0.002179052,0.21668704,0.119400576,0.0020301954,0.058787644,0.046676904,0.021268731,0.014933755
223,84,C:\Users\40gil\Desktop\final_project\tensor_training\processed_images\firstCut_noZevel\hebrew_to_english\C\C5.jpg,C,[1],כ,1.0,1,C,0.063322745,0.40603745,0.18393134,0.024193663,0.019550918,0.0127445115,0.034874227,0.22900353,0.0034577767,0.0074469596,0.004410842,0.0074905967,0.0035354877
224,10,C:\Users\40gil\Desktop\final_project\tensor_training\processed_images\firstCut_noZevel\asl_alphabet_test\T_test.jpg,T,[10],ת,,10,T,0.001046751,0.00015321793,0.0004215648,0.0012212244,0.0015944638,0.2492706,0.00060226105,0.00034627816,8.9665926e-05,0.00023669787,0.74306756,0.0008847427,0.0010650343
225,113,C:\Users\40gil\Desktop\final_project\tensor_training\processed_images\firstCut_noZevel\hebrew_to_english\D\D23.jpg,D,[2],ו,1.0,8,R,0.014036436,0.0018652934,0.20727536,0.038254883,0.050678894,0.010121501,0.0075982534,0.08135351,0.5559123,0.005079875,0.0039918246,0.020368347,0.0034635528
226,338,C:\Users\40gil\Desktop\final_project\tensor_training\processed_images\firstCut_noZevel\hebrew_to_english\T\T13.jpg,T,[10],ת,1.0,7,N,0.0420997,0.0012003712,0.011375513,0.015836589,0.02828494,0.0025770813,0.21384723,0.54275805,0.002133742,0.059386145,0.06541131,0.0038335118,0.011255873
227,197,C:\Users\40gil\Desktop\final_project\tensor_training\processed_images\firstCut_noZevel\hebrew_to_english\L\L19.jpg,L,[5],ל,1.0,4,I,0.0009382922,0.0022179254,0.02659053,0.0058942195,0.598078,0.17981684,0.0014863482,0.044845626,0.025947543,0.00059018243,0.0028499118,0.10447453,0.006270024
228,410,C:\Users\40gil\Desktop\final_project\tensor_training\processed_images\firstCut_noZevel\hebrew_to_english\Z\Z3.jpeg,Z,[12],ז,1.0,2,D,0.006520317,0.11620346,0.526559,0.07232317,0.020426938,0.0771595,0.0010497026,0.054664027,0.03277828,0.00086009887,0.0046923924,0.06003357,0.026729526
229,353,C:\Users\40gil\Desktop\final_project\tensor_training\processed_images\firstCut_noZevel\hebrew_to_english\T\T5.jpeg,T,[10],ת,1.0,7,N,0.0039053883,0.00055910874,0.034539666,0.0037234465,0.08653713,0.002182525,0.09033407,0.3659642,0.0017132337,0.29051614,0.11269379,0.00034861697,0.006982719
230,221,C:\Users\40gil\Desktop\final_project\tensor_training\processed_images\firstCut_noZevel\hebrew_to_english\M\M12.jpeg,M,[6],מ,1.0,10,T,0.035943802,1.8581386e-05,0.030562343,0.0012055986,0.3159458,0.00053547986,0.10457143,0.03523929,0.00044122626,0.14811915,0.31806582,0.0060775303,0.0032738412
231,37,C:\Users\40gil\Desktop\final_project\tensor_training\processed_images\firstCut_noZevel\hebrew_to_english\B\B29.jpg,B,[0],ב,1.0,11,W,0.0005915107,2.1243493e-06,0.0012763212,0.011116682,0.004535201,0.002439371,1.5675491e-06,6.4622973e-06,2.186614e-06,1.0213689e-06,6.271614e-06,0.98001605,5.2941527e-06
232,404,C:\Users\40gil\Desktop\final_project\tensor_training\processed_images\firstCut_noZevel\hebrew_to_english\Z\Z2.jpeg,Z,[12],ז,1.0,2,D,0.0048964447,0.16874404,0.5519886,0.11055645,0.0029527536,0.039849296,0.00033062164,0.0046283314,0.01687256,0.0004970129,0.0019632643,0.08637998,0.01034065
233,289,C:\Users\40gil\Desktop\final_project\tensor_training\processed_images\firstCut_noZevel\hebrew_to_english\R\R21.jpg,R,[8],ר,1.0,2,D,0.0034851911,0.00022144424,0.7924935,0.03994016,0.05427605,0.06430999,5.1248287e-05,0.0010511761,0.0046830927,0.00020539021,0.0007810486,0.034542035,0.0039596283
234,298,C:\Users\40gil\Desktop\final_project\tensor_training\processed_images\firstCut_noZevel\hebrew_to_english\R\R5.jpeg,R,[8],ר,1.0,3,F,0.16447383,0.00022655718,0.04479106,0.37623766,0.046355255,0.00063311076,0.009939442,0.029026747,0.02485846,0.00278252,0.0018673134,0.29698354,0.0018245269
235,202,C:\Users\40gil\Desktop\final_project\tensor_training\processed_images\firstCut_noZevel\hebrew_to_english\L\L22.jpg,L,[5],ל,1.0,5,L,0.0005351189,0.00010882149,0.017051982,0.0014040159,0.12312719,0.8446988,0.00012458373,0.0005511864,0.000308591,0.0003743091,0.0025910195,0.0058009718,0.003323529
236,385,C:\Users\40gil\Desktop\final_project\tensor_training\processed_images\firstCut_noZevel\hebrew_to_english\W\W5.jpeg,W,[11],ש,1.0,11,W,0.22964405,0.00016890567,0.059629153,0.09417755,0.12355183,0.00087651145,0.029804692,0.028268619,0.0022147999,0.021003509,0.06480001,0.34132108,0.00453932
237,145,C:\Users\40gil\Desktop\final_project\tensor_training\processed_images\firstCut_noZevel\hebrew_to_english\F\F3.jpg,F,[3],ט,1.0,11,W,0.129371,0.00023523753,0.08658552,0.020899482,0.028069481,0.006516382,0.015794665,0.0014580177,0.003480057,0.005288551,0.011934778,0.6896611,0.0007057469
238,13,C:\Users\40gil\Desktop\final_project\tensor_training\processed_images\firstCut_noZevel\hebrew_to_english\B\B1.jpg,B,[0],ב,1.0,11,W,0.008599838,0.0006308358,0.102037795,0.048906013,0.024114933,0.0029699095,0.0037021323,0.010462759,0.0025335625,0.00087490305,0.003234542,0.79154927,0.00038351503
239,420,C:\Users\40gil\Desktop\final_project\tensor_training\processed_images\firstCut_noZevel\hebrew_to_english\Z\Z8.jpeg,Z,[12],ז,1.0,2,D,0.024848474,0.014869185,0.6809278,0.08119407,0.06511583,0.014895098,0.012807256,0.04901071,0.021037275,0.002463911,0.00027612445,0.009290251,0.02326396
240,26,C:\Users\40gil\Desktop\final_project\tensor_training\processed_images\firstCut_noZevel\hebrew_to_english\B\B19.jpeg,B,[0],ב,1.0,0,B,0.66947395,1.1725011e-05,0.00825446,0.014838795,0.0133163445,0.0010207123,0.003386816,0.00081950007,5.79299e-05,0.007407553,0.076918274,0.20427018,0.0002237892
241,191,C:\Users\40gil\Desktop\final_project\tensor_training\processed_images\firstCut_noZevel\hebrew_to_english\L\L15.jpeg,L,[5],ל,1.0,5,L,0.003925017,0.00119885,0.31058198,0.008090363,0.013903222,0.63830525,0.00019456843,0.0013095,0.00473428,8.083459e-05,0.0044524353,0.009990216,0.0032335764
242,337,C:\Users\40gil\Desktop\final_project\tensor_training\processed_images\firstCut_noZevel\hebrew_to_english\T\T12.jpg,T,[10],ת,1.0,10,T,0.02200969,0.00038889612,0.006735389,0.04914584,0.031595632,0.0009573721,0.09004469,0.05378602,4.327303e-05,0.115698196,0.6069098,0.015673015,0.00701209
243,52,C:\Users\40gil\Desktop\final_project\tensor_training\processed_images\firstCut_noZevel\hebrew_to_english\C\C1.jpg,C,[1],כ,1.0,1,C,0.0020230475,0.65036845,0.30569476,0.01109744,0.0012924668,0.01410309,0.00027623327,0.008236181,0.00052235974,0.001490994,0.00034372116,0.0014418865,0.003109322
244,397,C:\Users\40gil\Desktop\final_project\tensor_training\processed_images\firstCut_noZevel\hebrew_to_english\Z\Z12.jpg,Z,[12],ז,1.0,2,D,0.011421947,0.0029615567,0.4262568,0.021355715,0.09200273,0.109402634,0.008996067,0.124234796,0.0891832,0.0034745897,0.009521299,0.0549166,0.0462721
245,365,C:\Users\40gil\Desktop\final_project\tensor_training\processed_images\firstCut_noZevel\hebrew_to_english\W\W12.jpeg,W,[11],ש,1.0,11,W,0.040102653,0.0008211033,0.09784373,0.10104463,0.073531315,0.0019639563,0.0072860518,0.00239648,0.0012507888,0.00037571127,0.0003254997,0.6724637,0.000594336
246,274,C:\Users\40gil\Desktop\final_project\tensor_training\processed_images\firstCut_noZevel\hebrew_to_english\R\R1.jpeg,R,[8],ר,1.0,11,W,0.30001515,0.0015443135,0.1240121,0.048133675,0.026873903,0.008644948,0.0065201046,0.012486908,0.011704515,0.0035998786,0.0037059956,0.4497991,0.0029594344
247,245,C:\Users\40gil\Desktop\final_project\tensor_training\processed_images\firstCut_noZevel\hebrew_to_english\M\M8.jpeg,M,[6],מ,1.0,4,I,0.038588647,0.005649087,0.035376005,0.03781307,0.3586249,0.009140265,0.08775137,0.10650635,0.017006254,0.1357771,0.0980737,0.04980836,0.019884853
248,314,C:\Users\40gil\Desktop\final_project\tensor_training\processed_images\firstCut_noZevel\hebrew_to_english\S\S14.jpg,S,[9],ס,1.0,10,T,0.1167336,9.451093e-05,0.012040708,0.054332007,0.007944277,0.006520092,0.044252202,0.024049733,0.00011955417,0.034447335,0.65849906,0.037844636,0.0031223088
249,316,C:\Users\40gil\Desktop\final_project\tensor_training\processed_images\firstCut_noZevel\hebrew_to_english\S\S16.jpg,S,[9],ס,1.0,2,D,0.016613835,0.0034582408,0.41953486,0.011555736,0.317339,0.016355468,0.0016530858,0.021517204,0.0033328696,0.05732155,0.03278111,0.009863055,0.08867396
250,399,C:\Users\40gil\Desktop\final_project\tensor_training\processed_images\firstCut_noZevel\hebrew_to_english\Z\Z14.jpg,Z,[12],ז,1.0,2,D,0.0006185432,0.00027560213,0.54521555,0.0031771266,0.0558265,0.030886125,0.00063709484,0.0105258515,0.024674313,0.016922042,0.0023270138,0.0036223521,0.3052919
251,217,C:\Users\40gil\Desktop\final_project\tensor_training\processed_images\firstCut_noZevel\hebrew_to_english\M\M1.jpg,M,[6],מ,1.0,11,W,0.028701711,0.00043142616,0.026208902,0.16356164,0.113570705,0.018631693,0.021166287,0.040836174,0.00010871521,0.012057285,0.15997879,0.41297507,0.0017716117
252,281,C:\Users\40gil\Desktop\final_project\tensor_training\processed_images\firstCut_noZevel\hebrew_to_english\R\R13.jpeg,R,[8],ר,1.0,2,D,0.053197414,0.0015564488,0.36374694,0.040475484,0.16770248,0.0044560484,0.0009934438,0.07893144,0.12636088,0.057393905,0.021199062,0.017211867,0.06677463
253,133,C:\Users\40gil\Desktop\final_project\tensor_training\processed_images\firstCut_noZevel\hebrew_to_english\F\F14.jpg,F,[3],ט,1.0,11,W,0.043007463,0.00023048457,0.0088754995,0.12163739,0.0930424,0.013773131,0.0025028517,0.001989977,0.0024223898,0.0020362018,0.013765259,0.69474155,0.0019754034
254,83,C:\Users\40gil\Desktop\final_project\tensor_training\processed_images\firstCut_noZevel\hebrew_to_english\C\C45.jpeg,C,[1],כ,1.0,1,C,0.105332606,0.55675536,0.13060232,0.004153575,0.0045663314,0.008137303,0.042337723,0.13007875,0.0016064538,0.005785978,0.00025786934,0.0029843482,0.0074013737
255,99,C:\Users\40gil\Desktop\final_project\tensor_training\processed_images\firstCut_noZevel\hebrew_to_english\D\D14.jpg,D,[2],ו,1.0,2,D,0.028097233,0.013934259,0.31112328,0.23738979,0.105908595,0.08291784,0.0014236622,0.048958186,0.03686897,0.01664721,0.0009726534,0.0040542884,0.11170407
256,277,C:\Users\40gil\Desktop\final_project\tensor_training\processed_images\firstCut_noZevel\hebrew_to_english\R\R10.jpg,R,[8],ר,1.0,2,D,0.021598913,0.0019010587,0.26237124,0.23444444,0.058249526,0.031922165,0.010075804,0.06061501,0.07585197,0.0009749189,0.0032861088,0.23207138,0.0066374512
257,255,C:\Users\40gil\Desktop\final_project\tensor_training\processed_images\firstCut_noZevel\hebrew_to_english\N\N16.jpg,N,[7],נ,1.0,4,I,0.008110555,0.000112109956,0.021272251,0.030736288,0.31287506,0.00079037907,0.22622281,0.10042368,9.767751e-05,0.14801437,0.13898598,0.008905629,0.0034532857
258,387,C:\Users\40gil\Desktop\final_project\tensor_training\processed_images\firstCut_noZevel\hebrew_to_english\W\W6.jpeg,W,[11],ש,1.0,5,L,0.028565897,0.0030166116,0.2779882,0.009124011,0.16812101,0.4008228,0.0007455445,0.010033039,0.013743602,0.0018047382,0.00860798,0.013911785,0.063514754
259,168,C:\Users\40gil\Desktop\final_project\tensor_training\processed_images\firstCut_noZevel\hebrew_to_english\I\I19.jpg,I,[4],י,1.0,11,W,0.019249171,0.025449988,0.09211938,0.024021465,0.23847865,0.008554083,0.012244402,0.09137805,0.0037564866,0.0023874629,0.00072542153,0.4694722,0.012163282
260,147,C:\Users\40gil\Desktop\final_project\tensor_training\processed_images\firstCut_noZevel\hebrew_to_english\F\F4.jpg,F,[3],ט,1.0,11,W,0.021461798,0.0026334284,0.21326584,0.104084395,0.047089465,0.042177644,0.009134298,0.0080629345,0.015558175,0.0026943262,0.00452105,0.52772075,0.0015959411
261,212,C:\Users\40gil\Desktop\final_project\tensor_training\processed_images\firstCut_noZevel\hebrew_to_english\L\L8.jpeg,L,[5],ל,1.0,4,I,0.00037182763,0.0015975682,0.053926494,0.0489714,0.476618,0.15073429,6.943332e-05,0.0028978821,0.18095349,0.009340601,0.0010979298,0.014262526,0.059158586
262,310,C:\Users\40gil\Desktop\final_project\tensor_training\processed_images\firstCut_noZevel\hebrew_to_english\S\S10.jpg,S,[9],ס,1.0,0,B,0.4699454,0.0023947083,0.027123932,0.28343028,0.06221938,0.003932512,0.0076660607,0.05368427,0.0074804174,0.022141853,0.0038315186,0.051738035,0.0044116345
263,107,C:\Users\40gil\Desktop\final_project\tensor_training\processed_images\firstCut_noZevel\hebrew_to_english\D\D19.jpg,D,[2],ו,1.0,11,W,0.013913795,0.0036992587,0.18028449,0.15302691,0.079584956,0.028022125,0.00042446525,0.012353204,0.0057162647,0.0008680158,0.0008038927,0.49589562,0.025406979
264,151,C:\Users\40gil\Desktop\final_project\tensor_training\processed_images\firstCut_noZevel\hebrew_to_english\F\F7.jpeg,F,[3],ט,1.0,4,I,0.06304414,0.00037191875,0.066469714,0.03709984,0.51337636,0.028039744,0.00021601461,0.0016879218,0.00039020114,0.0011304441,0.0023954029,0.28408313,0.0016951471
265,407,C:\Users\40gil\Desktop\final_project\tensor_training\processed_images\firstCut_noZevel\hebrew_to_english\Z\Z21.jpg,Z,[12],ז,1.0,2,D,0.00062625756,0.010908718,0.42501894,0.008140189,0.11771003,0.011139028,0.021070449,0.16774903,0.0021749367,0.082088426,0.030393887,0.0009937119,0.12198643
266,88,C:\Users\40gil\Desktop\final_project\tensor_training\processed_images\firstCut_noZevel\hebrew_to_english\C\C9.jpg,C,[1],כ,1.0,1,C,0.007328139,0.75000834,0.08587042,0.082074486,0.002002397,0.03502579,0.0062502846,0.024127362,0.0016841113,0.0015348373,0.0005767748,0.0022403062,0.0012767765
267,100,C:\Users\40gil\Desktop\final_project\tensor_training\processed_images\firstCut_noZevel\hebrew_to_english\D\D15.jpeg,D,[2],ו,1.0,11,W,0.09829007,0.00013960004,0.04283737,0.059371144,0.034183368,0.00026653658,0.004137199,0.006889946,0.004696279,0.0012621265,0.009663476,0.7328705,0.0053924345
268,370,C:\Users\40gil\Desktop\final_project\tensor_training\processed_images\firstCut_noZevel\hebrew_to_english\W\W17.jpeg,W,[11],ש,1.0,11,W,0.022009395,0.005181744,0.20181188,0.053466752,0.13029303,0.2536532,0.00065846136,0.007910194,0.0029149202,0.003289335,0.024911162,0.25375843,0.040141493
269,45,C:\Users\40gil\Desktop\final_project\tensor_training\processed_images\firstCut_noZevel\hebrew_to_english\B\B6.jpeg,B,[0],ב,1.0,11,W,0.13320804,2.8408163e-05,0.07789673,0.0042703417,0.02499585,0.008033735,0.0015811276,0.00337841,4.586304e-05,0.005139364,0.05026618,0.69058615,0.0005698884
270,77,C:\Users\40gil\Desktop\final_project\tensor_training\processed_images\firstCut_noZevel\hebrew_to_english\C\C4.jpg,C,[1],כ,1.0,2,D,0.0028712812,0.1515947,0.7482389,0.008719879,0.004939462,0.05276488,0.00011703156,0.0031695997,0.006015046,0.0013960908,0.0002100516,0.0014211419,0.018541913
271,413,C:\Users\40gil\Desktop\final_project\tensor_training\processed_images\firstCut_noZevel\hebrew_to_english\Z\Z4.jpg,Z,[12],ז,1.0,2,D,0.011291183,0.00011750892,0.72209734,0.08808189,0.05255477,0.01484293,0.00048424402,0.0041640033,0.0499167,0.000892771,0.00031159027,0.032787558,0.022457406
272,9,C:\Users\40gil\Desktop\final_project\tensor_training\processed_images\firstCut_noZevel\asl_alphabet_test\S_test.jpg,S,[9],ס,,9,S,0.000130111,2.0528585e-06,0.00012123204,0.0003256787,0.00976049,2.7462793e-06,0.0006332646,0.00097470236,0.0008543213,0.9857722,0.0008946778,1.2839828e-05,0.0005156227
273,166,C:\Users\40gil\Desktop\final_project\tensor_training\processed_images\firstCut_noZevel\hebrew_to_english\I\I17.jpg,I,[4],י,1.0,4,I,0.0027063082,0.00017681695,0.28434736,0.0030173433,0.46794185,0.040304787,0.0023147112,0.009443953,0.0025418515,0.012331951,0.024838861,0.060055356,0.0899789
274,339,C:\Users\40gil\Desktop\final_project\tensor_training\processed_images\firstCut_noZevel\hebrew_to_english\T\T14.jpg,T,[10],ת,1.0,10,T,0.0066851294,1.4751518e-05,0.013648664,0.002662231,0.13673721,0.00040389143,0.053713374,0.055717237,3.632704e-05,0.17050342,0.5336579,0.002632804,0.023587072
275,57,C:\Users\40gil\Desktop\final_project\tensor_training\processed_images\firstCut_noZevel\hebrew_to_english\C\C15.jpg,C,[1],כ,1.0,1,C,0.0020895284,0.5045058,0.060795184,0.010829301,0.00862964,0.27744392,0.0011001783,0.10992814,0.00091783627,0.008600864,0.0032507072,0.000751271,0.011157673
276,80,C:\Users\40gil\Desktop\final_project\tensor_training\processed_images\firstCut_noZevel\hebrew_to_english\C\C42.jpeg,C,[1],כ,1.0,1,C,0.00913952,0.5547221,0.13289659,0.055671554,0.0040886533,0.0620317,0.007766274,0.0031292813,0.0027067047,0.0003277831,0.00011017413,0.16563508,0.001774611
277,155,C:\Users\40gil\Desktop\final_project\tensor_training\processed_images\firstCut_noZevel\hebrew_to_english\F\F9.jpeg,F,[3],ט,1.0,11,W,0.0675888,2.5327145e-05,0.00469619,0.005974585,0.040138725,0.012191932,0.011304624,0.0012860363,0.00031419765,0.00029611154,0.0045282687,0.851544,0.0001112151
278,398,C:\Users\40gil\Desktop\final_project\tensor_training\processed_images\firstCut_noZevel\hebrew_to_english\Z\Z13.jpg,Z,[12],ז,1.0,12,Z,0.0028949482,0.0027832307,0.19977635,0.006864585,0.1514418,0.12397933,0.0051526963,0.044852294,0.12564996,0.044242468,0.0051368806,0.0021463018,0.28507924
279,392,C:\Users\40gil\Desktop\final_project\tensor_training\processed_images\firstCut_noZevel\hebrew_to_english\Z\Z1.jpeg,Z,[12],ז,1.0,12,Z,0.00049999135,0.007164495,0.27449262,0.00041304735,0.0119133415,0.13609947,0.0015150588,0.00588237,0.02666666,0.0026598177,0.011658375,0.00087969995,0.5201551
280,335,C:\Users\40gil\Desktop\final_project\tensor_training\processed_images\firstCut_noZevel\hebrew_to_english\T\T10.jpeg,T,[10],ת,1.0,6,M,0.015825909,8.3271894e-05,0.016070144,0.0010690718,0.3290884,0.0007993031,0.34145075,0.09781625,0.0005110276,0.10331449,0.08891583,0.0023531828,0.0027023086
281,376,C:\Users\40gil\Desktop\final_project\tensor_training\processed_images\firstCut_noZevel\hebrew_to_english\W\W20.jpg,W,[11],ש,1.0,2,D,0.004520599,0.0033348529,0.5944854,0.015006066,0.012296341,0.28833848,0.0004932037,0.0051534697,0.0013067226,0.0004452169,0.0033355718,0.06583679,0.0054473137
282,86,C:\Users\40gil\Desktop\final_project\tensor_training\processed_images\firstCut_noZevel\hebrew_to_english\C\C7.jpg,C,[1],כ,1.0,2,D,0.091930784,0.27655983,0.42594302,0.039157476,0.01766557,0.012931389,0.01498636,0.075737156,0.0011533751,0.012507484,0.008608775,0.006650075,0.016168708
283,290,C:\Users\40gil\Desktop\final_project\tensor_training\processed_images\firstCut_noZevel\hebrew_to_english\R\R22.jpg,R,[8],ר,1.0,2,D,0.0078803655,0.02364387,0.71692216,0.032610733,0.053887025,0.05816076,0.0011564321,0.027622992,0.027934339,0.0026900852,0.0032495523,0.03966881,0.004572822
284,219,C:\Users\40gil\Desktop\final_project\tensor_training\processed_images\firstCut_noZevel\hebrew_to_english\M\M10.jpg,M,[6],מ,1.0,2,D,0.027408436,0.011202485,0.75485617,0.021425087,0.028659655,0.0036920006,0.0028356754,0.04747389,0.002189333,0.010316637,0.0022367558,0.02590687,0.061797015
285,2,C:\Users\40gil\Desktop\final_project\tensor_training\processed_images\firstCut_noZevel\asl_alphabet_test\D_test.jpg,D,[2],ו,,2,D,0.00031839992,0.023833588,0.91734385,0.037469983,0.0018326372,0.014702515,1.6926031e-05,2.150967e-05,0.0002906731,6.6994435e-06,0.0004623522,0.003088178,0.00061276054
286,378,C:\Users\40gil\Desktop\final_project\tensor_training\processed_images\firstCut_noZevel\hebrew_to_english\W\W22.jpg,W,[11],ש,1.0,2,D,0.005031258,0.0033156082,0.52809566,0.055127468,0.093606554,0.16618328,0.0005721386,0.0037634561,0.001905266,0.002301303,0.0011281429,0.13695335,0.0020165
287,126,C:\Users\40gil\Desktop\final_project\tensor_training\processed_images\firstCut_noZevel\hebrew_to_english\F\F1.jpeg,F,[3],ט,1.0,11,W,0.020313516,0.0025448427,0.27395096,0.019650469,0.06844784,0.015809461,0.004240594,0.0015843667,0.0046531367,0.00033595078,0.00167671,0.58305,0.003742168
288,294,C:\Users\40gil\Desktop\final_project\tensor_training\processed_images\firstCut_noZevel\hebrew_to_english\R\R3.jpeg,R,[8],ר,1.0,2,D,0.027101303,0.0035464375,0.346072,0.17139871,0.060463693,0.0027230028,0.00021716909,0.0024586464,0.109892495,0.0012288351,0.00020335162,0.2707017,0.003992631
289,102,C:\Users\40gil\Desktop\final_project\tensor_training\processed_images\firstCut_noZevel\hebrew_to_english\D\D16.jpg,D,[2],ו,1.0,4,I,0.03128233,0.0010665851,0.19571453,0.04024017,0.37129104,0.026536977,0.00091124675,0.05153989,0.02877128,0.0022449412,0.0017130427,0.21336341,0.035324503
290,142,C:\Users\40gil\Desktop\final_project\tensor_training\processed_images\firstCut_noZevel\hebrew_to_english\F\F22.jpg,F,[3],ט,1.0,11,W,0.018326381,0.00054711866,0.06356498,0.028845498,0.2543849,0.2661253,0.0016916551,0.0042463522,0.0014377923,0.0006256159,0.0070911394,0.35203233,0.00108102
291,283,C:\Users\40gil\Desktop\final_project\tensor_training\processed_images\firstCut_noZevel\hebrew_to_english\R\R15.jpg,R,[8],ר,1.0,2,D,0.07414123,0.00014484777,0.4117561,0.07667847,0.25348705,0.0019517391,0.00014184417,0.0073909913,0.11872921,0.0023506829,0.0004976042,0.0369071,0.015823184
292,390,C:\Users\40gil\Desktop\final_project\tensor_training\processed_images\firstCut_noZevel\hebrew_to_english\W\W8.jpeg,W,[11],ש,1.0,2,D,0.1595854,0.0014531325,0.32203278,0.06271806,0.11612323,0.0046418468,0.01927016,0.027816262,0.020580173,0.001965335,0.005798572,0.25370026,0.0043147914
293,192,C:\Users\40gil\Desktop\final_project\tensor_training\processed_images\firstCut_noZevel\hebrew_to_english\L\L16.jpeg,L,[5],ל,1.0,5,L,0.0008069906,0.020288894,0.009140034,0.0002081673,0.17166555,0.7512922,0.0030712644,0.015379757,0.001048844,0.0055082566,0.002024582,0.00061355444,0.01895192
294,161,C:\Users\40gil\Desktop\final_project\tensor_training\processed_images\firstCut_noZevel\hebrew_to_english\I\I11.jpeg,I,[4],י,1.0,4,I,0.05234383,0.0012118546,0.03328189,0.0036831154,0.7119416,0.021011805,0.047227275,0.021137796,0.0018601122,0.025789458,0.07149183,0.0069028954,0.0021165386
295,301,C:\Users\40gil\Desktop\final_project\tensor_training\processed_images\firstCut_noZevel\hebrew_to_english\R\R6.jpg,R,[8],ר,1.0,2,D,0.03087675,0.0043109157,0.49081343,0.048645135,0.2095673,0.02397965,0.0143748885,0.055956636,0.03569563,0.027319035,0.017489864,0.03458933,0.006381427
296,103,C:\Users\40gil\Desktop\final_project\tensor_training\processed_images\firstCut_noZevel\hebrew_to_english\D\D17.jpeg,D,[2],ו,1.0,4,I,0.02506371,0.00042746172,0.20263065,0.0015076012,0.5237528,0.0017209662,0.078272186,0.02692032,0.0045914757,0.07829849,0.034995068,0.017671997,0.004147236
297,42,C:\Users\40gil\Desktop\final_project\tensor_training\processed_images\firstCut_noZevel\hebrew_to_english\B\B4.jpg,B,[0],ב,1.0,11,W,0.023012813,0.006101119,0.09315933,0.07062578,0.1652223,0.008063494,0.008892069,0.012581662,0.006008641,0.001110903,0.00075158634,0.60429025,0.00018002893
298,261,C:\Users\40gil\Desktop\final_project\tensor_training\processed_images\firstCut_noZevel\hebrew_to_english\N\N24.jpg,N,[7],נ,1.0,4,I,0.025675625,0.0002070107,0.023351097,0.021633558,0.72318953,0.00918682,0.03228306,0.025392089,0.00035562602,0.026579674,0.08365592,0.025872817,0.0026171475
299,282,C:\Users\40gil\Desktop\final_project\tensor_training\processed_images\firstCut_noZevel\hebrew_to_english\R\R14.jpg,R,[8],ר,1.0,4,I,0.0059886468,0.00019649298,0.34187436,0.008996327,0.39867795,0.0016475149,0.00059646595,0.040152498,0.021962132,0.017020911,0.0063388073,0.09678157,0.0597664
300,333,C:\Users\40gil\Desktop\final_project\tensor_training\processed_images\firstCut_noZevel\hebrew_to_english\S\S9.jpg,S,[9],ס,1.0,4,I,0.036870636,0.000468966,0.011849427,0.013432001,0.32317054,0.00046483128,0.16056451,0.19388603,0.009420313,0.10385093,0.015438448,0.1280793,0.0025040673
301,16,C:\Users\40gil\Desktop\final_project\tensor_training\processed_images\firstCut_noZevel\hebrew_to_english\B\B12.jpeg,B,[0],ב,1.0,0,B,0.5314931,0.00016434336,0.06372391,0.088604815,0.029514605,0.00034795373,0.015246583,0.06775732,0.0033741673,0.039645117,0.06028379,0.09304118,0.0068030367
302,175,C:\Users\40gil\Desktop\final_project\tensor_training\processed_images\firstCut_noZevel\hebrew_to_english\I\I4.jpg,I,[4],י,1.0,4,I,0.048712544,0.00078286737,0.15500331,0.041885808,0.20813377,0.0015460808,0.1042662,0.19085096,0.10640188,0.0054544937,0.0029121677,0.13106734,0.0029825403
303,122,C:\Users\40gil\Desktop\final_project\tensor_training\processed_images\firstCut_noZevel\hebrew_to_english\D\D6.jpg,D,[2],ו,1.0,2,D,0.02446699,0.04445954,0.4804527,0.08743826,0.058038805,0.12541367,0.00014325716,0.0027992942,0.057740256,0.002103503,4.802341e-05,0.1103997,0.0064960467
304,174,C:\Users\40gil\Desktop\final_project\tensor_training\processed_images\firstCut_noZevel\hebrew_to_english\I\I4.jpeg,I,[4],י,1.0,11,W,0.037522946,0.0011383151,0.09164792,0.026592758,0.14875665,0.061993297,0.005915374,0.010193223,0.02547995,0.0024675578,0.07345265,0.50168526,0.013154091
305,350,C:\Users\40gil\Desktop\final_project\tensor_training\processed_images\firstCut_noZevel\hebrew_to_english\T\T3.jpg,T,[10],ת,1.0,4,I,0.010397849,9.500011e-06,0.018614372,0.02849626,0.6863612,5.921578e-05,0.0024430938,0.051506277,0.006867291,0.17188059,0.019764796,0.0006528292,0.0029466823
306,164,C:\Users\40gil\Desktop\final_project\tensor_training\processed_images\firstCut_noZevel\hebrew_to_english\I\I14.jpg,I,[4],י,1.0,4,I,0.01725463,0.00026598683,0.031746663,0.14394638,0.28186357,0.00756201,0.016901638,0.013803365,0.0009570906,0.0634688,0.112514704,0.280126,0.029589191
307,112,C:\Users\40gil\Desktop\final_project\tensor_training\processed_images\firstCut_noZevel\hebrew_to_english\D\D22.jpg,D,[2],ו,1.0,8,R,0.021465227,0.0015669917,0.24052918,0.05825557,0.05486157,0.0018276954,0.007703395,0.08642447,0.48839885,0.008923814,0.002822027,0.021392195,0.005828966
308,292,C:\Users\40gil\Desktop\final_project\tensor_training\processed_images\firstCut_noZevel\hebrew_to_english\R\R24.jpg,R,[8],ר,1.0,2,D,0.010484085,0.000626435,0.88121414,0.009589249,0.022472737,0.00044974306,0.0021717793,0.038254548,0.026645826,0.002813614,9.0205205e-05,0.004537605,0.00065004267
309,148,C:\Users\40gil\Desktop\final_project\tensor_training\processed_images\firstCut_noZevel\hebrew_to_english\F\F5.jpeg,F,[3],ט,1.0,11,W,0.018673819,0.00014138088,0.048093233,0.07636381,0.09120799,0.011997564,0.0037576582,0.0014524087,0.013328301,0.0001801801,0.0054319957,0.7290447,0.00032696655
310,24,C:\Users\40gil\Desktop\final_project\tensor_training\processed_images\firstCut_noZevel\hebrew_to_english\B\B17.jpg,B,[0],ב,1.0,0,B,0.4596647,0.0006239738,0.011005026,0.08306747,0.11597014,0.09304329,0.0034998003,0.00904567,0.00063126214,0.017330572,0.09339772,0.11013613,0.0025842434
311,139,C:\Users\40gil\Desktop\final_project\tensor_training\processed_images\firstCut_noZevel\hebrew_to_english\F\F2.jpg,F,[3],ט,1.0,11,W,0.11205902,0.00072121853,0.24286494,0.034994412,0.07402359,0.046973526,0.004442246,0.0017148856,0.0038563444,0.0025239647,0.014261004,0.4582808,0.003284008
312,276,C:\Users\40gil\Desktop\final_project\tensor_training\processed_images\firstCut_noZevel\hebrew_to_english\R\R10.jpeg,R,[8],ר,1.0,4,I,0.0052378215,0.0034518607,0.25023893,0.010587057,0.5400047,0.008449753,0.0038460651,0.021089401,0.0227906,0.017020099,0.013472056,0.0067852493,0.09702642
313,373,C:\Users\40gil\Desktop\final_project\tensor_training\processed_images\firstCut_noZevel\hebrew_to_english\W\W19.jpg,W,[11],ש,1.0,11,W,0.06790686,2.4182516e-05,0.057724636,0.071682274,0.030298213,0.002016101,0.0006370276,0.0030539297,0.00049728283,0.0016586873,0.010494711,0.7521057,0.0019003783
314,325,C:\Users\40gil\Desktop\final_project\tensor_training\processed_images\firstCut_noZevel\hebrew_to_english\S\S3.jpg,S,[9],ס,1.0,6,M,0.025063276,9.625147e-05,0.16161837,0.015557921,0.07523625,0.00053602416,0.36818418,0.05638996,0.0012597477,0.018303523,0.25075465,0.023657704,0.0033421111
315,141,C:\Users\40gil\Desktop\final_project\tensor_training\processed_images\firstCut_noZevel\hebrew_to_english\F\F21.jpg,F,[3],ט,1.0,4,I,0.11628957,0.00072743726,0.022441806,0.01427021,0.4990734,0.05285277,0.0006711735,0.0010859466,0.005054031,0.0026180479,0.025590714,0.25883117,0.0004938367
316,204,C:\Users\40gil\Desktop\final_project\tensor_training\processed_images\firstCut_noZevel\hebrew_to_english\L\L3.jpg,L,[5],ל,1.0,5,L,0.004782852,0.011426217,0.31248087,0.037020043,0.2057132,0.37573326,0.019606592,0.011031073,0.005573863,0.0011095887,0.0021280637,0.010402049,0.0029923345
317,210,C:\Users\40gil\Desktop\final_project\tensor_training\processed_images\firstCut_noZevel\hebrew_to_english\L\L6.jpg,L,[5],ל,1.0,5,L,0.00028672273,0.021696873,0.039356127,0.03563401,0.1424933,0.6649437,0.0003116164,0.0028843288,1.829019e-05,0.06758151,0.00534842,0.0074381162,0.012007029
318,69,C:\Users\40gil\Desktop\final_project\tensor_training\processed_images\firstCut_noZevel\hebrew_to_english\C\C3.jpg,C,[1],כ,1.0,1,C,0.0018777014,0.65573543,0.29570168,0.004854831,0.0032603366,0.01899841,0.0003813074,0.011909126,0.00032869578,0.0016118856,0.00053444155,0.00022820741,0.004577915
319,295,C:\Users\40gil\Desktop\final_project\tensor_training\processed_images\firstCut_noZevel\hebrew_to_english\R\R3.jpg,R,[8],ר,1.0,4,I,0.012004767,0.00013098161,0.21384355,0.038407393,0.6791953,0.020185618,0.00017164204,0.0013936954,0.02852081,0.0011069059,0.0013810301,0.002763525,0.00089478464
320,46,C:\Users\40gil\Desktop\final_project\tensor_training\processed_images\firstCut_noZevel\hebrew_to_english\B\B6.jpg,B,[0],ב,1.0,11,W,0.010465585,0.0013755375,0.06845278,0.036552683,0.063658394,0.0060282685,0.003922284,0.008754298,0.0045261974,0.0009395409,0.0024768766,0.79261714,0.00023045528
321,400,C:\Users\40gil\Desktop\final_project\tensor_training\processed_images\firstCut_noZevel\hebrew_to_english\Z\Z15.jpg,Z,[12],ז,1.0,2,D,0.03721447,0.00091769546,0.2561054,0.08886941,0.25337243,0.0136538735,0.0059065656,0.05363933,0.08489787,0.10005254,0.019536195,0.016904697,0.06892951
322,63,C:\Users\40gil\Desktop\final_project\tensor_training\processed_images\firstCut_noZevel\hebrew_to_english\C\C23.jpg,C,[1],כ,1.0,2,D,0.0027641545,0.07573149,0.7522652,0.05692143,0.0004753637,0.08309677,0.00038452572,0.02446368,0.0002551984,0.0005881412,9.569621e-05,0.002392377,0.00056607876
323,225,C:\Users\40gil\Desktop\final_project\tensor_training\processed_images\firstCut_noZevel\hebrew_to_english\M\M16.jpg,M,[6],מ,1.0,9,S,0.05867903,0.00012985332,0.083711624,0.015472265,0.13604826,6.7850844e-05,0.07277402,0.055217776,0.0014877928,0.4641257,0.027928622,0.05440509,0.029952148
324,270,C:\Users\40gil\Desktop\final_project\tensor_training\processed_images\firstCut_noZevel\hebrew_to_english\N\N8.jpeg,N,[7],נ,1.0,4,I,0.021201944,0.00019814765,0.032059744,0.017247671,0.42677763,0.0046490068,0.06942133,0.11927272,0.0338158,0.03176878,0.06636268,0.04345113,0.13377343
325,156,C:\Users\40gil\Desktop\final_project\tensor_training\processed_images\firstCut_noZevel\hebrew_to_english\F\F9.jpg,F,[3],ט,1.0,4,I,0.17768544,0.0007799533,0.06972528,0.0337115,0.30943823,0.056344,0.0006853382,0.004057936,0.0010593515,0.006338315,0.040133975,0.28618658,0.0138541125
326,223,C:\Users\40gil\Desktop\final_project\tensor_training\processed_images\firstCut_noZevel\hebrew_to_english\M\M14.jpg,M,[6],מ,1.0,10,T,0.005397475,0.00047299248,0.05104228,0.0068384376,0.028223107,0.04324246,0.050910633,0.2683083,0.00019544274,0.0669962,0.45449972,0.0053597377,0.01851312
327,60,C:\Users\40gil\Desktop\final_project\tensor_training\processed_images\firstCut_noZevel\hebrew_to_english\C\C2.jpg,C,[1],כ,1.0,2,D,0.0027024993,0.28459075,0.65010494,0.0033972824,0.00868891,0.006454808,0.0001522713,0.0133949965,0.0034945665,0.0013845472,0.00013134735,0.00039882856,0.0251042
328,51,C:\Users\40gil\Desktop\final_project\tensor_training\processed_images\firstCut_noZevel\hebrew_to_english\B\B9.jpeg,B,[0],ב,1.0,11,W,0.2626346,4.0968807e-05,0.004253108,0.07964301,0.13627216,0.0009103016,0.007115131,0.0018911357,0.002468125,0.0024765753,0.009367966,0.49279645,0.00013046646
329,222,C:\Users\40gil\Desktop\final_project\tensor_training\processed_images\firstCut_noZevel\hebrew_to_english\M\M13.jpg,M,[6],מ,1.0,7,N,0.17645746,0.0009803826,0.01386627,0.12211671,0.050337646,0.00080674986,0.23696396,0.31425843,0.003070486,0.010693896,0.0028776417,0.065875985,0.0016944759
330,91,C:\Users\40gil\Desktop\final_project\tensor_training\processed_images\firstCut_noZevel\hebrew_to_english\D\D10.jpeg,D,[2],ו,1.0,4,I,0.100759365,0.00010444412,0.028477082,0.060687654,0.5517741,0.005609437,0.011745007,0.011985563,0.10951178,0.0072904713,0.0011586988,0.10842645,0.0024700148
331,419,C:\Users\40gil\Desktop\final_project\tensor_training\processed_images\firstCut_noZevel\hebrew_to_english\Z\Z7.jpg,Z,[12],ז,1.0,2,D,0.0006425556,0.006303979,0.6995497,0.0153388195,0.12073735,0.006402294,0.00064817764,0.018483873,0.013849254,0.0027444153,4.9291986e-05,0.07113617,0.044114146
332,70,C:\Users\40gil\Desktop\final_project\tensor_training\processed_images\firstCut_noZevel\hebrew_to_english\C\C30.jpg,C,[1],כ,1.0,1,C,0.0038766463,0.51198363,0.1342029,0.0019676965,0.06611942,0.1200224,0.0009573988,0.115021594,0.0022537143,0.02788088,0.003744602,0.00038975052,0.011579464
333,318,C:\Users\40gil\Desktop\final_project\tensor_training\processed_images\firstCut_noZevel\hebrew_to_english\S\S2.jpeg,S,[9],ס,1.0,0,B,0.3523812,0.009683573,0.2804843,0.027163977,0.0918507,0.018402675,0.0020226114,0.026117457,0.0088676745,0.03362959,0.0054906975,0.13572726,0.008178323
334,414,C:\Users\40gil\Desktop\final_project\tensor_training\processed_images\firstCut_noZevel\hebrew_to_english\Z\Z5.jpeg,Z,[12],ז,1.0,2,D,0.009478502,0.0024009347,0.4305975,0.02726594,0.14905421,0.018253151,0.0014336074,0.014364742,0.06722148,0.0023987305,0.00027195193,0.22217783,0.05508142
335,386,C:\Users\40gil\Desktop\final_project\tensor_training\processed_images\firstCut_noZevel\hebrew_to_english\W\W5.jpg,W,[11],ש,1.0,6,M,0.14051418,0.0010312387,0.05819366,0.112020336,0.17876522,0.11483664,0.24995007,0.024289342,0.0030486921,0.0027067144,0.03793399,0.07577047,0.00093948236
336,236,C:\Users\40gil\Desktop\final_project\tensor_training\processed_images\firstCut_noZevel\hebrew_to_english\M\M26.jpg,M,[6],מ,1.0,4,I,0.10840521,0.00031915185,0.1558021,0.051652577,0.43216982,0.011490984,0.011762974,0.032544546,0.002947277,0.043281797,0.036002133,0.09906972,0.014551667
